id,name,age,department,salary,join_date,city,email
1,Meera Gupta,45,Sales,33053.0,2023-12-21,Chennai,meera.gupta@example.com
2,Anita Verma,23,IT,38927.0,2022-01-12,Hyderabad,anita.verma@example.com
3,Rahul Reddy,44,IT,,2022-09-13,Delhi,rahul.reddy@example.com
4,Pooja Gupta,29,Marketing,95929.0,2022-09-18,Delhi,pooja.gupta@example.com
5,Sneha Patel,25,Finance,63051.0,2022-06-15,Mumbai,sneha.patel@example.com
6,Meera Patel,45,Sales,68609.0,2023-05-10,Hyderabad,meera.patel@example.com
7,Sanjay Verma,52,Sales,41380.0,2024-07-03,Kolkata,sanjay.verma@example.com
8,Deepa Patel,40,Sales,38269.0,2023-06-20,Chennai,deepa.patel@example.com
9,Kavita Singh,43,Sales,97357.0,2021-09-18,Mumbai,kavita.singh@example.com
10,Amit Patel,45,Operations,97613.0,2023-12-19,Kolkata,amit.patel@example.com
11,Rohan Kumar,51,Sales,67098.0,2024-11-24,Bangalore,rohan.kumar@example.com
12,Nisha Verma,35,HR,57420.0,2024-12-29,Kolkata,nisha.verma@example.com
13,Nisha Patel,36,HR,60564.0,2023-03-25,Mumbai,nisha.patel@example.com
14,Amit Reddy,28,Sales,27212.0,2024-09-06,Chennai,amit.reddy@example.com
15,Manoj Singh,22,IT,106022.0,2024-09-10,Mumbai,manoj.singh@example.com
16,Neha Kumar,46,Operations,116971.0,2023-05-23,Delhi,neha.kumar@example.com
17,Meera Reddy,41,HR,58889.0,2024-06-11,Bangalore,meera.reddy@example.com
18,Suresh Patel,44,Operations,113512.0,2024-01-04,Mumbai,suresh.patel@example.com
19,Anita Reddy,32,Operations,99341.0,2024-09-19,Bangalore,anita.reddy@example.com
20,Meera Kumar,44,Finance,119471.0,2024-03-13,Chennai,meera.kumar@example.com
21,Sanjay Gupta,37,HR,113966.0,2024-09-02,Kolkata,sanjay.gupta@example.com
22,Priti Verma,45,Sales,78677.0,2025-01-15,Delhi,priti.verma@example.com
23,Amit Reddy,50,Marketing,51133.0,2024-04-24,Delhi,amit.reddy@example.com
24,Asha Kumar,28,IT,28092.0,2024-01-04,Mumbai,asha.kumar@example.com
25,Amit Verma,50,Sales,80039.0,2022-12-02,Pune,amit.verma@example.com
26,Sneha Verma,52,Operations,74781.0,2022-10-18,Bangalore,sneha.verma@example.com
27,Ravi Singh,31,HR,146431.0,2023-01-30,Chennai,ravi.singh@example.com
28,Rohan Sharma,32,Operations,146694.0,2024-09-06,Bangalore,rohan.sharma@example.com
29,Sneha Verma,42,HR,50922.0,2024-10-28,Hyderabad,sneha.verma@example.com
30,Neha Verma,31,HR,75781.0,2025-03-04,Hyderabad,neha.verma@example.com
31,Amit Sharma,33,IT,132309.0,2023-04-23,Delhi,amit.sharma@example.com
32,Nisha Reddy,36,Finance,42421.0,2024-06-09,Delhi,nisha.reddy@example.com
33,Rahul Kumar,49,IT,92441.0,2024-08-23,Hyderabad,rahul.kumar@example.com
34,Raj Singh,55,Marketing,43058.0,2025-05-23,Chennai,raj.singh@example.com
35,Priya Singh,27,IT,28561.0,2024-08-19,Kolkata,priya.singh@example.com
36,Pooja Gupta,51,Finance,47699.0,2021-11-15,Pune,pooja.gupta@example.com
37,Meera Patel,45,HR,39008.0,2024-06-05,Mumbai,meera.patel@example.com
38,Suresh Patel,34,IT,84074.0,2024-08-29,Pune,suresh.patel@example.com
39,Priya Singh,36,Sales,,2023-11-18,Pune,
40,Kavita Singh,34,Operations,114822.0,2021-07-13,Pune,kavita.singh@example.com
41,Kumar Patel,38,Marketing,98089.0,2022-04-23,Kolkata,kumar.patel@example.com
42,Priti Sharma,42,IT,47315.0,2022-05-01,Hyderabad,priti.sharma@example.com
43,Manoj Verma,38,Sales,73438.0,2022-03-03,Hyderabad,manoj.verma@example.com
44,Vikram Reddy,36,Operations,75305.0,2024-12-28,Bangalore,vikram.reddy@example.com
45,Rahul Patel,42,Sales,131084.0,2025-02-01,Kolkata,rahul.patel@example.com
46,Arun Patel,37,Marketing,38957.0,2024-10-13,Hyderabad,arun.patel@example.com
47,Raj Singh,30,Marketing,105166.0,2022-03-05,Kolkata,raj.singh@example.com
48,Raj Patel,29,Operations,82803.0,2023-09-01,Chennai,raj.patel@example.com
49,Vikram Kumar,52,Finance,56537.0,2022-03-07,Delhi,vikram.kumar@example.com
50,Meera Sharma,50,Operations,144675.0,2022-07-01,Mumbai,meera.sharma@example.com
51,Sneha Kumar,54,Operations,145366.0,2025-01-22,Mumbai,sneha.kumar@example.com
52,Neha Patel,28,IT,136210.0,2024-08-31,Bangalore,neha.patel@example.com
53,Deepa Patel,49,Finance,42593.0,2021-11-14,Kolkata,deepa.patel@example.com
54,Nisha Gupta,42,Marketing,130524.0,2021-12-12,Pune,nisha.gupta@example.com
55,Rahul Sharma,54,Finance,83979.0,2022-08-05,Mumbai,rahul.sharma@example.com
56,Rahul Verma,28,IT,71113.0,2023-11-29,Bangalore,rahul.verma@example.com
57,Amit Kumar,40,IT,113044.0,2023-03-01,Mumbai,amit.kumar@example.com
58,Amit Verma,53,IT,40628.0,2023-06-11,Bangalore,amit.verma@example.com
59,Kumar Singh,23,Marketing,102402.0,2022-04-12,Pune,kumar.singh@example.com
60,Neha Kumar,36,Finance,138144.0,2022-11-03,Bangalore,neha.kumar@example.com
61,Suresh Sharma,53,Operations,28324.0,2022-09-18,Chennai,suresh.sharma@example.com
62,Kavita Patel,38,Operations,115578.0,2022-07-31,Pune,kavita.patel@example.com
63,Ravi Reddy,35,IT,149188.0,2024-09-28,Chennai,ravi.reddy@example.com
64,Kavita Verma,48,HR,59303.0,2021-12-16,Kolkata,kavita.verma@example.com
65,Anita Reddy,23,Marketing,35289.0,2024-01-08,Kolkata,anita.reddy@example.com
66,Suresh Verma,53,Sales,49548.0,2024-01-11,Hyderabad,suresh.verma@example.com
67,Priti Verma,31,Finance,75993.0,2025-05-08,Mumbai,priti.verma@example.com
68,Neha Reddy,51,Sales,113538.0,2024-12-17,Pune,neha.reddy@example.com
69,Raj Sharma,43,Operations,132347.0,2024-08-10,Hyderabad,raj.sharma@example.com
70,Meera Kumar,44,Operations,44553.0,2023-05-04,Chennai,meera.kumar@example.com
71,Vijay Singh,52,Operations,28697.0,2024-11-20,Kolkata,vijay.singh@example.com
72,Amit Patel,36,Marketing,97102.0,2021-10-23,Hyderabad,amit.patel@example.com
73,Nisha Gupta,28,Finance,132547.0,2022-02-01,Kolkata,nisha.gupta@example.com
74,Kumar Kumar,30,Marketing,73623.0,2025-05-18,Pune,kumar.kumar@example.com
75,Sunita Kumar,30,Operations,57690.0,2021-08-09,Bangalore,sunita.kumar@example.com
76,Neha Gupta,40,Operations,94122.0,2024-03-21,Mumbai,neha.gupta@example.com
77,Ravi Verma,37,HR,43736.0,2024-08-11,Pune,ravi.verma@example.com
78,Sanjay Patel,43,Operations,37718.0,2025-02-10,Hyderabad,sanjay.patel@example.com
79,Meera Sharma,24,Sales,103785.0,2022-06-29,Delhi,meera.sharma@example.com
80,Suresh Kumar,51,Marketing,71743.0,2024-07-21,Hyderabad,suresh.kumar@example.com
81,Priya Singh,38,Marketing,146697.0,2022-08-13,Bangalore,priya.singh@example.com
82,Kavita Singh,47,IT,39264.0,2023-10-17,Mumbai,kavita.singh@example.com
83,Kumar Singh,46,Sales,142507.0,2022-07-19,Pune,kumar.singh@example.com
84,Asha Singh,35,Operations,29398.0,2023-02-08,Delhi,asha.singh@example.com
85,Ravi Patel,44,IT,34879.0,2023-05-21,Bangalore,ravi.patel@example.com
86,Vikram Patel,51,Marketing,104147.0,2023-06-25,Kolkata,vikram.patel@example.com
87,Anita Kumar,25,Marketing,132135.0,2024-12-28,Mumbai,anita.kumar@example.com
88,Raj Reddy,50,Operations,109444.0,2023-03-13,Pune,raj.reddy@example.com
89,Vikram Kumar,36,Operations,86953.0,2024-03-17,Delhi,vikram.kumar@example.com
90,Asha Sharma,37,HR,119672.0,2024-06-12,Kolkata,asha.sharma@example.com
91,Vijay Reddy,55,Operations,106544.0,2023-09-26,Kolkata,vijay.reddy@example.com
92,Rahul Singh,41,IT,57168.0,2022-11-28,Bangalore,rahul.singh@example.com
93,Kumar Reddy,51,IT,37009.0,2021-09-05,Delhi,kumar.reddy@example.com
94,Rohan Sharma,43,IT,65846.0,2023-04-14,Kolkata,rohan.sharma@example.com
95,Nisha Verma,53,Finance,148949.0,2022-08-22,Delhi,nisha.verma@example.com
96,Neha Kumar,34,IT,39034.0,2022-12-01,Delhi,neha.kumar@example.com
97,Vikram Kumar,27,Marketing,149645.0,2025-01-24,Pune,vikram.kumar@example.com
98,Meera Reddy,52,HR,88131.0,2022-12-16,Chennai,meera.reddy@example.com
99,Asha Gupta,53,IT,99371.0,2023-09-16,Mumbai,asha.gupta@example.com
100,Sneha Patel,43,HR,38550.0,2021-08-15,Bangalore,sneha.patel@example.com
101,Sneha Reddy,22,Sales,147192.0,2022-06-07,Mumbai,sneha.reddy@example.com
102,Priti Sharma,51,Marketing,134050.0,2021-07-24,Mumbai,priti.sharma@example.com
103,Ravi Singh,51,Sales,42613.0,2021-12-20,Kolkata,ravi.singh@example.com
104,Meera Singh,39,Finance,42495.0,2025-06-02,Mumbai,meera.singh@example.com
105,Anita Singh,41,Sales,123743.0,2025-02-15,Chennai,anita.singh@example.com
106,Deepa Verma,42,Finance,142158.0,2023-04-04,Hyderabad,deepa.verma@example.com
107,Kumar Singh,24,Operations,37014.0,2022-06-30,Kolkata,kumar.singh@example.com
108,Neha Patel,30,Marketing,91122.0,2022-03-23,Mumbai,neha.patel@example.com
109,Sanjay Reddy,41,Finance,62655.0,2023-09-13,Kolkata,sanjay.reddy@example.com
110,Anita Patel,28,Marketing,113795.0,2024-11-29,Hyderabad,anita.patel@example.com
111,Sanjay Verma,23,IT,82576.0,2024-09-07,Kolkata,sanjay.verma@example.com
112,Nisha Singh,37,Marketing,77607.0,2022-09-20,Pune,nisha.singh@example.com
113,Sanjay Gupta,55,IT,108302.0,2021-12-14,Kolkata,sanjay.gupta@example.com
114,Asha Kumar,50,Sales,108077.0,2025-04-19,Delhi,asha.kumar@example.com
115,Amit Gupta,34,Operations,138626.0,2025-01-09,Bangalore,amit.gupta@example.com
116,Arun Reddy,22,Operations,63462.0,2024-10-10,Mumbai,arun.reddy@example.com
117,Deepa Gupta,47,Sales,105182.0,2024-01-09,Pune,deepa.gupta@example.com
118,Nisha Sharma,45,HR,63131.0,2024-04-29,Hyderabad,nisha.sharma@example.com
119,Suresh Gupta,54,Operations,30861.0,2024-09-20,Pune,suresh.gupta@example.com
120,Deepa Kumar,29,Sales,128967.0,2025-02-27,Hyderabad,deepa.kumar@example.com
121,Raj Verma,42,Finance,96819.0,2024-08-27,Pune,raj.verma@example.com
122,Neha Sharma,32,HR,65037.0,2024-07-29,Kolkata,neha.sharma@example.com
123,Sunita Gupta,31,HR,52989.0,2024-11-26,Delhi,sunita.gupta@example.com
124,Arun Gupta,37,Operations,136872.0,2024-07-09,Chennai,arun.gupta@example.com
125,Sunita Sharma,46,Operations,29511.0,2022-12-15,Pune,sunita.sharma@example.com
126,Vikram Patel,44,Marketing,126757.0,2023-11-20,Kolkata,vikram.patel@example.com
127,Amit Verma,28,Finance,50247.0,2022-02-07,Mumbai,amit.verma@example.com
128,Priya Verma,22,Finance,118531.0,2022-05-29,Chennai,priya.verma@example.com
129,Meera Verma,48,Operations,40626.0,2021-11-06,Chennai,meera.verma@example.com
130,Nisha Gupta,44,Marketing,58152.0,2021-10-04,Bangalore,nisha.gupta@example.com
131,Deepa Patel,30,HR,77248.0,2022-08-16,Pune,deepa.patel@example.com
132,Deepa Sharma,46,Finance,58536.0,2024-02-01,Mumbai,deepa.sharma@example.com
133,Sunita Gupta,37,Sales,50043.0,2022-10-21,Mumbai,sunita.gupta@example.com
134,Kumar Patel,22,HR,51384.0,2024-08-22,Hyderabad,kumar.patel@example.com
135,Anita Verma,37,Finance,57837.0,2023-06-22,Chennai,anita.verma@example.com
136,Rahul Kumar,30,Operations,109163.0,2023-03-15,Hyderabad,rahul.kumar@example.com
137,Amit Kumar,44,Finance,49668.0,2025-01-23,Bangalore,amit.kumar@example.com
138,Ravi Gupta,28,Finance,137410.0,2024-10-31,Pune,ravi.gupta@example.com
139,Priti Reddy,53,Finance,31483.0,2022-02-16,Hyderabad,priti.reddy@example.com
140,Meera Reddy,24,Finance,116333.0,2024-04-17,Delhi,meera.reddy@example.com
141,Suresh Reddy,42,Finance,84695.0,2025-05-08,Hyderabad,suresh.reddy@example.com
142,Sanjay Verma,34,IT,136493.0,2022-10-10,Pune,sanjay.verma@example.com
143,Pooja Sharma,34,HR,87153.0,2024-08-24,Mumbai,pooja.sharma@example.com
144,Kavita Reddy,42,HR,148128.0,2023-08-14,Bangalore,kavita.reddy@example.com
145,Vijay Kumar,55,Marketing,74080.0,2023-03-14,Kolkata,vijay.kumar@example.com
146,Anita Verma,30,Marketing,130752.0,2024-09-18,Chennai,anita.verma@example.com
147,Vijay Kumar,29,IT,132681.0,2022-08-24,Pune,vijay.kumar@example.com
148,Kavita Reddy,39,Marketing,134334.0,2024-03-14,Hyderabad,kavita.reddy@example.com
149,Sunita Verma,47,Sales,68316.0,2022-02-15,Delhi,sunita.verma@example.com
150,Pooja Patel,32,IT,149647.0,2024-09-28,Bangalore,pooja.patel@example.com
151,Nisha Reddy,49,Marketing,114241.0,2024-06-02,Mumbai,nisha.reddy@example.com
152,Sneha Sharma,29,IT,86860.0,2025-03-25,Kolkata,sneha.sharma@example.com
153,Sanjay Kumar,38,Marketing,30493.0,2022-03-24,Hyderabad,sanjay.kumar@example.com
154,Asha Verma,27,Sales,116598.0,2023-10-23,Hyderabad,asha.verma@example.com
155,Pooja Gupta,38,Operations,60884.0,2022-04-25,Chennai,pooja.gupta@example.com
156,Vikram Sharma,39,HR,109947.0,2024-01-18,Pune,vikram.sharma@example.com
157,Raj Kumar,51,Operations,95995.0,2023-10-06,Delhi,raj.kumar@example.com
158,Sunita Kumar,40,IT,88733.0,2022-04-12,Kolkata,sunita.kumar@example.com
159,Pooja Patel,41,IT,113944.0,2021-10-25,Mumbai,pooja.patel@example.com
160,Neha Gupta,30,Marketing,144520.0,2021-10-13,Pune,neha.gupta@example.com
161,Raj Kumar,42,HR,56784.0,2023-02-25,Pune,raj.kumar@example.com
162,Rahul Reddy,41,HR,138557.0,2022-11-17,Bangalore,rahul.reddy@example.com
163,Nisha Sharma,33,Marketing,129729.0,2025-06-10,Hyderabad,nisha.sharma@example.com
164,Raj Singh,49,Operations,124865.0,2021-09-17,Delhi,raj.singh@example.com
165,Asha Gupta,40,Sales,117846.0,2021-12-25,Pune,asha.gupta@example.com
166,Vikram Verma,41,Sales,55653.0,2023-12-29,Hyderabad,vikram.verma@example.com
167,Kavita Patel,51,IT,95124.0,2022-08-28,Chennai,kavita.patel@example.com
168,Manoj Verma,45,Operations,117217.0,2022-12-16,Hyderabad,manoj.verma@example.com
169,Nisha Singh,31,Operations,102172.0,2021-08-10,Bangalore,nisha.singh@example.com
170,Suresh Gupta,40,HR,125797.0,2022-11-18,Chennai,suresh.gupta@example.com
171,Suresh Gupta,22,Finance,145448.0,2023-10-07,Kolkata,suresh.gupta@example.com
172,Neha Singh,43,Sales,50523.0,2023-05-09,Kolkata,neha.singh@example.com
173,Vikram Verma,30,HR,81796.0,2022-07-04,Kolkata,vikram.verma@example.com
174,Arun Singh,42,Sales,110777.0,2021-08-23,Chennai,arun.singh@example.com
175,Sunita Patel,55,Operations,32169.0,2022-10-31,Bangalore,sunita.patel@example.com
176,Kumar Sharma,33,IT,,2025-04-27,Kolkata,kumar.sharma@example.com
177,Rahul Singh,34,Finance,51515.0,2023-05-20,Pune,rahul.singh@example.com
178,Raj Kumar,33,Finance,111801.0,2023-11-10,Chennai,raj.kumar@example.com
179,Arun Singh,54,IT,93964.0,2024-03-26,Bangalore,arun.singh@example.com
180,Meera Gupta,39,Sales,58503.0,2023-04-27,Bangalore,meera.gupta@example.com
181,Pooja Gupta,25,Finance,131051.0,2024-12-16,Mumbai,pooja.gupta@example.com
182,Suresh Singh,28,Operations,90574.0,2024-06-30,Hyderabad,suresh.singh@example.com
183,Kumar Patel,35,Marketing,28153.0,2025-02-15,Kolkata,kumar.patel@example.com
184,Manoj Reddy,34,Operations,64512.0,2025-02-21,Bangalore,manoj.reddy@example.com
185,Sanjay Gupta,33,Marketing,146603.0,2024-03-18,Pune,sanjay.gupta@example.com
186,Sneha Verma,25,Marketing,92177.0,2023-02-26,Chennai,sneha.verma@example.com
187,Nisha Gupta,34,Operations,59907.0,2023-02-22,Kolkata,nisha.gupta@example.com
188,Vijay Gupta,43,Sales,104848.0,2023-10-12,Chennai,vijay.gupta@example.com
189,Sanjay Reddy,38,Sales,61369.0,2024-10-01,Mumbai,sanjay.reddy@example.com
190,Sanjay Kumar,36,Operations,62625.0,2024-07-03,Delhi,sanjay.kumar@example.com
191,Pooja Kumar,54,Operations,113582.0,2023-03-28,Mumbai,pooja.kumar@example.com
192,Sunita Kumar,27,Operations,40563.0,2021-10-14,Pune,sunita.kumar@example.com
193,Ravi Sharma,39,Finance,92031.0,2024-06-14,Chennai,ravi.sharma@example.com
194,Raj Singh,51,Marketing,82635.0,2023-04-05,Kolkata,raj.singh@example.com
195,Neha Kumar,25,Marketing,,2024-11-29,Bangalore,neha.kumar@example.com
196,Sneha Reddy,47,HR,138974.0,2023-01-24,Chennai,sneha.reddy@example.com
197,Nisha Kumar,39,Sales,125714.0,2025-05-29,Kolkata,nisha.kumar@example.com
198,Vikram Patel,50,Sales,149150.0,2022-09-08,Pune,vikram.patel@example.com
199,Sanjay Verma,26,Marketing,120764.0,2023-11-01,Chennai,sanjay.verma@example.com
200,Arun Gupta,44,Operations,95543.0,2023-04-12,Mumbai,arun.gupta@example.com
201,Priya Singh,10,Finance,62892.0,2025-04-11,Kolkata,priya.singh@example.com
202,Sneha Singh,42,Sales,62699.0,2025-01-30,Bangalore,sneha.singh@example.com
203,Pooja Gupta,45,HR,122108.0,2025-05-17,Kolkata,pooja.gupta@example.com
204,Pooja Kumar,35,Marketing,98625.0,2024-11-13,Pune,pooja.kumar@example.com
205,Rahul Kumar,35,Finance,81226.0,2022-01-25,Chennai,rahul.kumar@example.com
206,Vijay Gupta,37,Operations,126516.0,2022-02-09,Pune,vijay.gupta@example.com
207,Priya Verma,51,Finance,60450.0,2025-03-31,Bangalore,priya.verma@example.com
208,Sneha Verma,29,Marketing,40447.0,2025-02-27,Kolkata,sneha.verma@example.com
209,Rahul Singh,10,Finance,93170.0,2025-05-28,Hyderabad,rahul.singh@example.com
210,Priya Verma,32,Operations,135568.0,2024-12-02,Chennai,priya.verma@example.com
211,Rohan Kumar,51,IT,132456.0,2021-09-28,Chennai,rohan.kumar@example.com
212,Vijay Patel,49,Operations,97741.0,2023-12-15,Bangalore,vijay.patel@example.com
213,Rohan Singh,54,IT,83006.0,2023-02-02,Delhi,rohan.singh@example.com
214,Pooja Singh,50,Finance,72817.0,2023-05-29,Pune,pooja.singh@example.com
215,Sunita Singh,43,Sales,145713.0,2024-10-04,Kolkata,sunita.singh@example.com
216,Sunita Kumar,32,Finance,87024.0,2021-09-19,Hyderabad,sunita.kumar@example.com
217,Priti Verma,52,IT,85936.0,2022-07-27,Mumbai,priti.verma@example.com
218,Rohan Gupta,30,Sales,123582.0,2021-06-22,Hyderabad,rohan.gupta@example.com
219,Nisha Gupta,46,HR,56879.0,2022-01-01,Pune,nisha.gupta@example.com
220,Kavita Verma,22,Finance,86350.0,2025-05-29,Bangalore,kavita.verma@example.com
221,Suresh Kumar,30,Sales,32479.0,2024-07-24,Hyderabad,suresh.kumar@example.com
222,Pooja Patel,53,IT,142465.0,2024-08-12,Kolkata,pooja.patel@example.com
223,Manoj Singh,46,Sales,28611.0,2024-09-28,Pune,manoj.singh@example.com
224,Sneha Gupta,35,Operations,108802.0,2024-11-27,Chennai,sneha.gupta@example.com
225,Ravi Kumar,46,Operations,131138.0,2024-10-12,Delhi,ravi.kumar@example.com
226,Vijay Verma,53,Operations,72977.0,2022-06-30,Bangalore,vijay.verma@example.com
227,Priti Kumar,33,Marketing,105719.0,2024-11-26,Pune,priti.kumar@example.com
228,Manoj Reddy,32,Operations,131345.0,2021-12-17,Chennai,manoj.reddy@example.com
229,Rohan Singh,48,HR,72040.0,2021-11-19,Hyderabad,rohan.singh@example.com
230,Anita Singh,48,Marketing,33975.0,2022-07-16,Bangalore,anita.singh@example.com
231,Rohan Singh,25,Finance,54626.0,2024-07-12,Kolkata,rohan.singh@example.com
232,Sunita Sharma,10,IT,132332.0,2024-07-05,Mumbai,sunita.sharma@example.com
233,Asha Sharma,44,IT,89009.0,2023-07-29,Delhi,asha.sharma@example.com
234,Rohan Kumar,23,Marketing,117663.0,2025-02-25,Chennai,rohan.kumar@example.com
235,Priti Sharma,27,IT,95808.0,2025-03-01,Kolkata,priti.sharma@example.com
236,Vikram Verma,38,Finance,29572.0,2024-05-26,Kolkata,vikram.verma@example.com
237,Priya Sharma,29,Operations,32162.0,2025-03-10,Hyderabad,priya.sharma@example.com
238,Manoj Verma,54,Marketing,135248.0,2022-12-20,Mumbai,manoj.verma@example.com
239,Pooja Reddy,30,Sales,58592.0,2023-02-26,Pune,pooja.reddy@example.com
240,Nisha Gupta,46,Marketing,56900.0,2021-09-14,Chennai,nisha.gupta@example.com
241,Raj Verma,46,Marketing,145899.0,2021-06-30,Bangalore,raj.verma@example.com
242,Vijay Verma,45,HR,124119.0,2022-09-09,Kolkata,vijay.verma@example.com
243,Kavita Sharma,46,HR,96587.0,2022-08-24,Mumbai,kavita.sharma@example.com
244,Manoj Gupta,42,Sales,70664.0,2025-05-27,Hyderabad,manoj.gupta@example.com
245,Kavita Kumar,38,IT,85490.0,2023-12-28,Mumbai,kavita.kumar@example.com
246,Anita Sharma,47,Operations,65022.0,2023-07-21,Chennai,anita.sharma@example.com
247,Anita Sharma,46,HR,89151.0,2021-11-05,Hyderabad,anita.sharma@example.com
248,Ravi Gupta,53,IT,105939.0,2024-09-02,Kolkata,ravi.gupta@example.com
249,Sanjay Singh,52,Marketing,63949.0,2023-06-26,Hyderabad,sanjay.singh@example.com
250,Meera Singh,26,Marketing,57474.0,2023-06-09,Delhi,meera.singh@example.com
251,Manoj Sharma,55,Marketing,59287.0,2021-08-18,Chennai,manoj.sharma@example.com
252,Neha Patel,26,Sales,121397.0,2025-02-02,Pune,neha.patel@example.com
253,Asha Sharma,26,IT,50806.0,2021-12-08,Chennai,asha.sharma@example.com
254,Sunita Reddy,44,IT,133156.0,2022-05-20,Pune,sunita.reddy@example.com
255,Neha Sharma,38,Finance,91473.0,2023-10-22,Hyderabad,neha.sharma@example.com
256,Amit Singh,32,Operations,119242.0,2021-10-09,Hyderabad,amit.singh@example.com
257,Sunita Kumar,29,Sales,65381.0,2024-11-13,Delhi,sunita.kumar@example.com
258,Sneha Patel,22,Operations,144461.0,2023-01-31,Pune,sneha.patel@example.com
259,Kumar Singh,37,Operations,111366.0,2024-03-04,Kolkata,kumar.singh@example.com
260,Priya Gupta,39,Sales,29397.0,2025-04-01,Bangalore,priya.gupta@example.com
261,Ravi Patel,47,Finance,135636.0,2021-09-11,Delhi,ravi.patel@example.com
262,Rahul Sharma,22,Finance,94743.0,2022-04-22,Pune,rahul.sharma@example.com
263,Vijay Patel,50,HR,98797.0,2022-02-08,Pune,vijay.patel@example.com
264,Manoj Patel,22,Finance,110096.0,2025-03-20,Delhi,manoj.patel@example.com
265,Suresh Patel,31,HR,71497.0,2022-02-02,Hyderabad,suresh.patel@example.com
266,Suresh Kumar,31,IT,67159.0,2021-11-19,Hyderabad,suresh.kumar@example.com
267,Neha Singh,49,HR,109332.0,2023-03-13,Chennai,neha.singh@example.com
268,Sunita Verma,45,Sales,75967.0,2024-12-19,Pune,sunita.verma@example.com
269,Priti Gupta,29,Sales,27510.0,2025-04-27,Mumbai,priti.gupta@example.com
270,Meera Singh,26,Finance,96575.0,2024-12-17,Pune,meera.singh@example.com
271,Sanjay Gupta,36,Sales,136402.0,2024-05-19,Hyderabad,sanjay.gupta@example.com
272,Amit Singh,32,HR,89012.0,2024-06-22,Hyderabad,amit.singh@example.com
273,Anita Verma,34,Operations,73005.0,2024-07-25,Pune,anita.verma@example.com
274,Vijay Reddy,35,Marketing,56716.0,2024-06-28,Delhi,vijay.reddy@example.com
275,Deepa Sharma,48,Sales,50557.0,2021-09-23,Pune,deepa.sharma@example.com
276,Kavita Gupta,28,Finance,87780.0,2024-03-13,Chennai,kavita.gupta@example.com
277,Nisha Verma,51,HR,125917.0,2023-08-29,Kolkata,nisha.verma@example.com
278,Vijay Kumar,40,Operations,35717.0,2021-10-30,Bangalore,vijay.kumar@example.com
279,Pooja Verma,35,Marketing,33087.0,2024-01-02,Delhi,pooja.verma@example.com
280,Kavita Sharma,33,Sales,125818.0,2022-07-03,Pune,kavita.sharma@example.com
281,Priti Reddy,53,Sales,108087.0,2021-09-30,Kolkata,priti.reddy@example.com
282,Vijay Singh,52,Finance,139764.0,2024-03-28,Mumbai,vijay.singh@example.com
283,Pooja Sharma,28,Sales,100879.0,2023-08-30,Kolkata,pooja.sharma@example.com
284,Priti Gupta,39,HR,81072.0,2021-08-04,Mumbai,priti.gupta@example.com
285,Anita Singh,51,Sales,61001.0,2023-08-12,Mumbai,anita.singh@example.com
286,Rohan Singh,41,Marketing,36752.0,2021-08-27,Kolkata,rohan.singh@example.com
287,Pooja Kumar,26,Finance,65194.0,2023-04-25,Kolkata,pooja.kumar@example.com
288,Arun Patel,26,IT,39903.0,2023-12-04,Mumbai,arun.patel@example.com
289,Priti Verma,38,HR,70207.0,2022-02-02,Pune,priti.verma@example.com
290,Raj Sharma,49,Finance,125479.0,2021-07-11,Delhi,raj.sharma@example.com
291,Ravi Sharma,50,IT,134252.0,2024-11-16,Delhi,ravi.sharma@example.com
292,Suresh Singh,32,Marketing,118973.0,2021-09-23,Chennai,suresh.singh@example.com
293,Rohan Patel,31,Marketing,50117.0,2024-02-14,Chennai,rohan.patel@example.com
294,Asha Kumar,47,IT,71379.0,2024-10-27,Chennai,asha.kumar@example.com
295,Kavita Reddy,25,Finance,124221.0,2022-08-18,Bangalore,kavita.reddy@example.com
296,Raj Patel,50,IT,28213.0,2024-09-07,Mumbai,raj.patel@example.com
297,Manoj Patel,42,Sales,86408.0,2022-04-18,Kolkata,manoj.patel@example.com
298,Vijay Gupta,49,Marketing,71900.0,2021-10-30,Mumbai,vijay.gupta@example.com
299,Raj Gupta,22,Sales,67147.0,2024-09-22,Kolkata,raj.gupta@example.com
300,Sunita Verma,30,Finance,142647.0,2022-03-24,Delhi,sunita.verma@example.com
301,Kavita Verma,24,Finance,,2024-12-31,Mumbai,kavita.verma@example.com
302,Pooja Reddy,28,HR,104910.0,2022-04-16,Hyderabad,pooja.reddy@example.com
303,Raj Gupta,43,HR,91644.0,2022-04-20,Chennai,raj.gupta@example.com
304,Nisha Reddy,24,Marketing,64226.0,2024-12-07,Mumbai,nisha.reddy@example.com
305,Suresh Reddy,46,Sales,107848.0,2022-05-15,Pune,suresh.reddy@example.com
306,Deepa Patel,26,Marketing,77587.0,2025-02-23,Kolkata,deepa.patel@example.com
307,Sneha Reddy,29,Operations,93884.0,2023-04-09,Hyderabad,sneha.reddy@example.com
308,Asha Singh,26,IT,44925.0,2022-02-24,Chennai,
309,Sanjay Singh,41,Finance,144651.0,2024-11-22,Hyderabad,sanjay.singh@example.com
310,Rohan Verma,32,IT,39514.0,2021-07-02,Pune,rohan.verma@example.com
311,Vikram Gupta,24,IT,56353.0,2021-10-12,Chennai,vikram.gupta@example.com
312,Priti Reddy,27,Operations,75316.0,2021-09-18,Mumbai,priti.reddy@example.com
313,Priya Sharma,50,Finance,146919.0,2024-12-08,Chennai,priya.sharma@example.com
314,Manoj Kumar,44,IT,46436.0,2023-10-06,Mumbai,manoj.kumar@example.com
315,Kumar Verma,38,IT,112361.0,2024-11-29,Kolkata,kumar.verma@example.com
316,Vikram Patel,28,Finance,96767.0,2024-03-24,Mumbai,vikram.patel@example.com
317,Pooja Gupta,31,HR,56610.0,2023-05-15,Kolkata,pooja.gupta@example.com
318,Manoj Singh,44,Sales,146058.0,2021-09-09,Chennai,manoj.singh@example.com
319,Pooja Reddy,43,IT,142469.0,2022-05-11,Chennai,pooja.reddy@example.com
320,Rahul Patel,31,Marketing,32117.0,2023-02-23,Delhi,rahul.patel@example.com
321,Sunita Kumar,28,Marketing,125531.0,2022-06-12,Delhi,sunita.kumar@example.com
322,Arun Singh,28,Finance,87414.0,2023-06-24,Delhi,arun.singh@example.com
323,Sanjay Singh,31,HR,90921.0,2022-02-08,Delhi,sanjay.singh@example.com
324,Pooja Kumar,29,Finance,138839.0,2022-01-08,Kolkata,pooja.kumar@example.com
325,Deepa Reddy,23,Operations,89825.0,2021-09-03,Hyderabad,deepa.reddy@example.com
326,Priya Verma,32,Marketing,128545.0,2021-10-28,Bangalore,priya.verma@example.com
327,Neha Verma,43,IT,52553.0,2024-09-30,Bangalore,neha.verma@example.com
328,Sunita Patel,25,Finance,82090.0,2022-01-12,Delhi,sunita.patel@example.com
329,Anita Singh,53,HR,72859.0,2024-04-12,Hyderabad,anita.singh@example.com
330,Kumar Patel,24,Sales,145312.0,2021-11-24,Kolkata,kumar.patel@example.com
331,Manoj Kumar,27,HR,41201.0,2025-03-15,Delhi,manoj.kumar@example.com
332,Raj Kumar,36,Marketing,75887.0,2022-04-02,Pune,raj.kumar@example.com
333,Sneha Kumar,29,Finance,92279.0,2021-12-06,Hyderabad,sneha.kumar@example.com
334,Rahul Verma,40,Operations,122000.0,2023-10-31,Mumbai,rahul.verma@example.com
335,Suresh Sharma,48,Sales,56363.0,2023-07-28,Chennai,suresh.sharma@example.com
336,Neha Sharma,50,Finance,47566.0,2022-07-08,Pune,neha.sharma@example.com
337,Kavita Gupta,52,Finance,93382.0,2022-01-29,Kolkata,kavita.gupta@example.com
338,Sunita Kumar,10,Sales,147838.0,2022-03-01,Pune,sunita.kumar@example.com
339,Pooja Singh,35,Finance,131169.0,2023-03-23,Delhi,pooja.singh@example.com
340,Kumar Patel,44,Marketing,37415.0,2022-09-04,Hyderabad,kumar.patel@example.com
341,Rohan Sharma,22,Operations,88215.0,2025-05-01,Kolkata,rohan.sharma@example.com
342,Amit Gupta,33,Finance,141549.0,2024-11-05,Hyderabad,amit.gupta@example.com
343,Nisha Patel,47,Sales,70854.0,2021-07-17,Delhi,nisha.patel@example.com
344,Rahul Reddy,23,IT,66222.0,2023-03-16,Hyderabad,rahul.reddy@example.com
345,Vikram Singh,29,Sales,53383.0,2022-03-12,Chennai,vikram.singh@example.com
346,Anita Sharma,41,Finance,133852.0,2024-03-06,Pune,anita.sharma@example.com
347,Deepa Sharma,24,Marketing,138915.0,2024-08-07,Pune,deepa.sharma@example.com
348,Kumar Reddy,23,HR,129994.0,2022-10-20,Chennai,kumar.reddy@example.com
349,Sneha Singh,28,HR,33162.0,2024-10-06,Hyderabad,sneha.singh@example.com
350,Pooja Singh,42,IT,105836.0,2021-11-29,Kolkata,pooja.singh@example.com
351,Nisha Kumar,37,IT,105444.0,2023-03-20,Bangalore,nisha.kumar@example.com
352,Amit Patel,31,HR,144605.0,2021-09-17,Chennai,amit.patel@example.com
353,Amit Sharma,55,Sales,56706.0,2021-10-07,Delhi,amit.sharma@example.com
354,Kumar Sharma,35,Marketing,88950.0,2024-06-30,Mumbai,kumar.sharma@example.com
355,Suresh Singh,50,Operations,110675.0,2022-08-29,Pune,suresh.singh@example.com
356,Kumar Gupta,42,Marketing,100812.0,2025-04-18,Pune,kumar.gupta@example.com
357,Rahul Singh,28,Operations,,2023-10-04,Kolkata,rahul.singh@example.com
358,Kavita Kumar,24,Marketing,147921.0,2021-11-22,Chennai,kavita.kumar@example.com
359,Priya Sharma,40,IT,,2024-08-19,Delhi,priya.sharma@example.com
360,Kavita Kumar,44,HR,66903.0,2025-02-03,Pune,kavita.kumar@example.com
361,Deepa Verma,42,Operations,131121.0,2024-08-11,Kolkata,deepa.verma@example.com
362,Priti Sharma,38,Operations,118154.0,2022-10-30,Delhi,priti.sharma@example.com
363,Rohan Verma,24,Operations,48413.0,2023-11-06,Mumbai,rohan.verma@example.com
364,Deepa Verma,23,Sales,122208.0,2022-05-20,Delhi,deepa.verma@example.com
365,Kavita Sharma,43,Marketing,137471.0,2024-03-04,Bangalore,kavita.sharma@example.com
366,Pooja Sharma,27,Marketing,112830.0,2021-07-15,Chennai,pooja.sharma@example.com
367,Rohan Singh,35,Finance,76473.0,2021-10-14,Bangalore,rohan.singh@example.com
368,Vikram Kumar,27,Operations,33077.0,2023-05-29,Delhi,vikram.kumar@example.com
369,Vijay Reddy,29,Marketing,128972.0,2023-11-16,Pune,vijay.reddy@example.com
370,Kumar Patel,42,Operations,114544.0,2025-02-27,Hyderabad,kumar.patel@example.com
371,Suresh Patel,49,Operations,142014.0,2021-12-23,Chennai,suresh.patel@example.com
372,Manoj Gupta,27,Finance,75281.0,2024-01-19,Mumbai,manoj.gupta@example.com
373,Vijay Sharma,35,HR,113751.0,2024-07-23,Hyderabad,vijay.sharma@example.com
374,Vikram Sharma,27,Marketing,85762.0,2021-09-14,Kolkata,vikram.sharma@example.com
375,Neha Singh,51,Finance,,2021-07-16,Delhi,neha.singh@example.com
376,Vikram Gupta,45,HR,56838.0,2023-11-30,Bangalore,vikram.gupta@example.com
377,Nisha Verma,53,HR,146501.0,2023-04-12,Hyderabad,nisha.verma@example.com
378,Suresh Kumar,41,Marketing,53627.0,2023-09-19,Mumbai,suresh.kumar@example.com
379,Sanjay Singh,55,Sales,123175.0,2024-12-06,Kolkata,sanjay.singh@example.com
380,Nisha Gupta,37,Marketing,114432.0,2024-07-18,Bangalore,nisha.gupta@example.com
381,Kavita Patel,43,IT,84138.0,2022-07-28,Bangalore,kavita.patel@example.com
382,Raj Sharma,29,HR,101660.0,2024-06-09,Pune,raj.sharma@example.com
383,Sunita Reddy,25,Marketing,32512.0,2023-01-26,Chennai,sunita.reddy@example.com
384,Raj Patel,30,Marketing,133103.0,2025-03-15,Bangalore,raj.patel@example.com
385,Meera Patel,42,IT,118299.0,2022-06-21,Delhi,meera.patel@example.com
386,Meera Reddy,54,IT,68699.0,2023-11-13,Pune,meera.reddy@example.com
387,Sunita Gupta,41,Finance,138927.0,2024-01-24,Hyderabad,sunita.gupta@example.com
388,Priti Reddy,40,Sales,40382.0,2024-11-23,Mumbai,priti.reddy@example.com
389,Vikram Singh,42,IT,40473.0,2022-07-25,Mumbai,vikram.singh@example.com
390,Priti Verma,52,Operations,31235.0,2024-08-22,Delhi,priti.verma@example.com
391,Pooja Kumar,43,Marketing,90605.0,2023-09-11,Delhi,pooja.kumar@example.com
392,Ravi Patel,51,HR,43508.0,2025-02-14,Chennai,ravi.patel@example.com
393,Nisha Kumar,34,Marketing,48718.0,2022-05-02,Hyderabad,nisha.kumar@example.com
394,Amit Patel,31,IT,65751.0,2024-02-09,Chennai,amit.patel@example.com
395,Sunita Patel,32,HR,64220.0,2022-02-23,Delhi,sunita.patel@example.com
396,Neha Reddy,39,IT,114908.0,2023-08-22,Delhi,neha.reddy@example.com
397,Arun Reddy,55,Finance,57201.0,2022-12-22,Delhi,arun.reddy@example.com
398,Kavita Reddy,30,Marketing,96281.0,2024-01-31,Delhi,kavita.reddy@example.com
399,Pooja Gupta,38,HR,87816.0,2023-10-24,Bangalore,pooja.gupta@example.com
400,Kumar Singh,23,Operations,135038.0,2022-11-10,Bangalore,kumar.singh@example.com
401,Asha Verma,55,Sales,57419.0,2022-03-12,Chennai,asha.verma@example.com
402,Neha Patel,37,Sales,110316.0,2024-11-07,Chennai,neha.patel@example.com
403,Pooja Sharma,36,Marketing,39527.0,2023-01-18,Bangalore,pooja.sharma@example.com
404,Suresh Kumar,41,Marketing,30490.0,2021-07-26,Delhi,suresh.kumar@example.com
405,Vijay Gupta,34,Marketing,65051.0,2023-10-26,Chennai,
406,Rohan Patel,46,HR,65308.0,2024-05-13,Kolkata,rohan.patel@example.com
407,Neha Gupta,50,Sales,70093.0,2022-11-30,Bangalore,neha.gupta@example.com
408,Vikram Kumar,23,Marketing,74815.0,2022-08-22,Delhi,vikram.kumar@example.com
409,Ravi Reddy,42,Finance,145792.0,2023-04-21,Chennai,ravi.reddy@example.com
410,Amit Verma,54,Operations,104268.0,2025-06-14,Chennai,amit.verma@example.com
411,Nisha Gupta,49,Marketing,28003.0,2025-04-12,Hyderabad,nisha.gupta@example.com
412,Neha Kumar,35,IT,116237.0,2025-03-27,Kolkata,neha.kumar@example.com
413,Raj Verma,38,IT,71518.0,2023-09-02,Mumbai,raj.verma@example.com
414,Vikram Gupta,32,Operations,61182.0,2024-07-03,Pune,vikram.gupta@example.com
415,Sunita Patel,31,Operations,127561.0,2023-08-26,Chennai,sunita.patel@example.com
416,Asha Gupta,30,Sales,116444.0,2024-12-07,Bangalore,asha.gupta@example.com
417,Manoj Patel,49,Marketing,51991.0,2025-06-11,Mumbai,manoj.patel@example.com
418,Vikram Reddy,38,Finance,114698.0,2022-03-08,Chennai,vikram.reddy@example.com
419,Pooja Patel,32,Sales,41182.0,2021-12-18,Delhi,pooja.patel@example.com
420,Nisha Verma,47,Operations,116390.0,2023-08-22,Hyderabad,nisha.verma@example.com
421,Rahul Kumar,46,HR,47789.0,2024-11-23,Kolkata,rahul.kumar@example.com
422,Kumar Verma,24,Sales,112415.0,2024-05-21,Bangalore,kumar.verma@example.com
423,Vijay Patel,44,HR,43039.0,2022-09-28,Pune,vijay.patel@example.com
424,Anita Gupta,38,Finance,127734.0,2025-02-06,Bangalore,anita.gupta@example.com
425,Meera Kumar,53,Finance,39250.0,2022-05-17,Delhi,meera.kumar@example.com
426,Ravi Patel,39,Marketing,,2024-07-28,Bangalore,ravi.patel@example.com
427,Ravi Sharma,46,Finance,41541.0,2021-10-27,Kolkata,ravi.sharma@example.com
428,Priya Gupta,24,Operations,93598.0,2024-04-26,Delhi,priya.gupta@example.com
429,Neha Verma,52,HR,85656.0,2021-10-11,Kolkata,neha.verma@example.com
430,Kumar Gupta,27,Marketing,40342.0,2024-01-05,Pune,kumar.gupta@example.com
431,Sneha Sharma,32,Sales,42756.0,2021-12-15,Delhi,sneha.sharma@example.com
432,Arun Verma,52,IT,144311.0,2025-05-11,Kolkata,arun.verma@example.com
433,Amit Patel,23,Marketing,144298.0,2024-08-03,Kolkata,amit.patel@example.com
434,Ravi Sharma,27,Sales,48588.0,2022-07-17,Chennai,ravi.sharma@example.com
435,Rohan Singh,26,Finance,77776.0,2024-12-07,Kolkata,rohan.singh@example.com
436,Kumar Gupta,22,Finance,54222.0,2021-11-21,Pune,kumar.gupta@example.com
437,Vijay Reddy,32,Finance,122176.0,2025-02-05,Delhi,vijay.reddy@example.com
438,Asha Kumar,31,Operations,147889.0,2023-12-18,Bangalore,asha.kumar@example.com
439,Manoj Verma,32,Finance,108417.0,2021-07-17,Delhi,manoj.verma@example.com
440,Sanjay Singh,48,Finance,60898.0,2022-10-23,Hyderabad,sanjay.singh@example.com
441,Suresh Gupta,52,Operations,128049.0,2025-03-11,Delhi,suresh.gupta@example.com
442,Kumar Patel,35,HR,89620.0,2023-08-17,Mumbai,kumar.patel@example.com
443,Arun Singh,50,Finance,109138.0,2022-12-08,Mumbai,arun.singh@example.com
444,Raj Patel,23,Sales,37337.0,2024-02-10,Mumbai,raj.patel@example.com
445,Rahul Reddy,35,IT,35492.0,2022-02-13,Chennai,rahul.reddy@example.com
446,Meera Singh,52,IT,101062.0,2023-09-07,Mumbai,meera.singh@example.com
447,Priti Verma,39,HR,28054.0,2024-08-24,Bangalore,priti.verma@example.com
448,Raj Singh,40,Operations,107247.0,2024-07-25,Bangalore,raj.singh@example.com
449,Kavita Verma,46,Operations,128999.0,2024-04-15,Mumbai,kavita.verma@example.com
450,Sanjay Patel,27,Marketing,140300.0,2021-07-20,Pune,sanjay.patel@example.com
451,Sneha Reddy,40,Finance,46644.0,2022-12-07,Hyderabad,sneha.reddy@example.com
452,Rahul Verma,41,Sales,132719.0,2022-05-23,Delhi,rahul.verma@example.com
453,Deepa Reddy,29,IT,31235.0,2022-12-01,Kolkata,deepa.reddy@example.com
454,Asha Reddy,40,Operations,35636.0,2022-07-15,Bangalore,asha.reddy@example.com
455,Sanjay Reddy,53,IT,,2023-01-22,Delhi,sanjay.reddy@example.com
456,Vijay Reddy,47,Sales,121914.0,2025-04-24,Hyderabad,vijay.reddy@example.com
457,Arun Patel,36,Sales,123051.0,2023-01-22,Chennai,arun.patel@example.com
458,Rohan Patel,33,Sales,89126.0,2025-03-05,Mumbai,rohan.patel@example.com
459,Asha Singh,50,Marketing,86194.0,2021-10-08,Kolkata,asha.singh@example.com
460,Kumar Gupta,34,Finance,47940.0,2022-01-28,Pune,kumar.gupta@example.com
461,Raj Patel,55,Sales,117279.0,2022-07-31,Delhi,raj.patel@example.com
462,Kumar Gupta,28,Finance,61834.0,2023-04-24,Hyderabad,kumar.gupta@example.com
463,Nisha Gupta,33,IT,86541.0,2024-12-21,Delhi,nisha.gupta@example.com
464,Rahul Gupta,53,IT,109924.0,2021-09-16,Delhi,
465,Sneha Singh,30,Marketing,76891.0,2022-02-26,Chennai,sneha.singh@example.com
466,Meera Reddy,44,Operations,121646.0,2021-08-14,Hyderabad,meera.reddy@example.com
467,Rohan Gupta,52,Operations,67185.0,2021-08-28,Hyderabad,rohan.gupta@example.com
468,Rahul Gupta,37,Marketing,119980.0,2024-10-21,Mumbai,rahul.gupta@example.com
469,Anita Sharma,47,HR,133787.0,2024-05-06,Bangalore,anita.sharma@example.com
470,Meera Kumar,34,Sales,136802.0,2025-02-21,Mumbai,meera.kumar@example.com
471,Kumar Sharma,30,Sales,91313.0,2022-08-10,Chennai,kumar.sharma@example.com
472,Pooja Verma,30,Finance,115859.0,2022-06-17,Kolkata,pooja.verma@example.com
473,Vijay Reddy,43,IT,,2021-07-20,Kolkata,vijay.reddy@example.com
474,Pooja Sharma,43,Finance,71062.0,2024-07-19,Kolkata,pooja.sharma@example.com
475,Asha Sharma,52,Marketing,117838.0,2023-10-23,Delhi,asha.sharma@example.com
476,Meera Kumar,49,IT,73514.0,2024-10-05,Delhi,meera.kumar@example.com
477,Arun Sharma,22,IT,120503.0,2024-08-05,Pune,
478,Vikram Reddy,31,Operations,45086.0,2022-06-01,Mumbai,vikram.reddy@example.com
479,Neha Reddy,39,HR,134894.0,2022-01-23,Delhi,neha.reddy@example.com
480,Vikram Singh,33,HR,28112.0,2025-06-02,Chennai,vikram.singh@example.com
481,Kavita Verma,27,IT,53247.0,2022-11-23,Kolkata,kavita.verma@example.com
482,Sneha Singh,30,Marketing,126283.0,2024-11-24,Hyderabad,sneha.singh@example.com
483,Neha Reddy,40,Marketing,64241.0,2024-04-19,Hyderabad,neha.reddy@example.com
484,Priya Sharma,41,Operations,72698.0,2025-05-26,Pune,priya.sharma@example.com
485,Nisha Gupta,42,Marketing,140526.0,2024-11-01,Pune,nisha.gupta@example.com
486,Kumar Verma,42,HR,45535.0,2021-07-02,Chennai,kumar.verma@example.com
487,Pooja Gupta,54,Marketing,131146.0,2023-01-26,Mumbai,pooja.gupta@example.com
488,Sanjay Singh,27,HR,143490.0,2024-05-21,Bangalore,sanjay.singh@example.com
489,Suresh Reddy,33,Marketing,30142.0,2022-03-29,Mumbai,suresh.reddy@example.com
490,Pooja Kumar,53,Marketing,144266.0,2022-08-22,Mumbai,pooja.kumar@example.com
491,Kavita Sharma,44,HR,42866.0,2021-10-23,Hyderabad,kavita.sharma@example.com
492,Priya Kumar,44,Operations,126569.0,2024-01-13,Kolkata,priya.kumar@example.com
493,Sunita Gupta,42,HR,53154.0,2023-09-20,Kolkata,sunita.gupta@example.com
494,Rahul Patel,43,Finance,27161.0,2022-07-21,Pune,
495,Rohan Reddy,29,Operations,125211.0,2024-04-27,Delhi,rohan.reddy@example.com
496,Rahul Verma,50,Finance,81819.0,2021-12-08,Delhi,rahul.verma@example.com
497,Neha Singh,51,Operations,82926.0,2022-06-25,Delhi,neha.singh@example.com
498,Meera Gupta,55,Finance,,2025-02-08,Kolkata,meera.gupta@example.com
499,Asha Verma,26,HR,110344.0,2025-06-10,Bangalore,asha.verma@example.com
500,Vijay Kumar,25,Operations,,2022-10-21,Chennai,vijay.kumar@example.com
501,Amit Verma,31,Finance,125453.0,2024-05-06,Kolkata,amit.verma@example.com
502,Kavita Verma,32,Marketing,125173.0,2025-01-13,Bangalore,kavita.verma@example.com
503,Meera Patel,45,Finance,105097.0,2023-01-09,Chennai,meera.patel@example.com
504,Sunita Patel,44,Operations,136685.0,2022-11-19,Kolkata,sunita.patel@example.com
505,Amit Sharma,45,Finance,80249.0,2023-06-06,Delhi,amit.sharma@example.com
506,Sneha Sharma,45,Operations,54598.0,2025-03-09,Hyderabad,sneha.sharma@example.com
507,Kumar Gupta,37,IT,147298.0,2022-03-04,Kolkata,kumar.gupta@example.com
508,Rohan Kumar,25,Marketing,82611.0,2024-09-19,Chennai,rohan.kumar@example.com
509,Priti Kumar,42,HR,139154.0,2023-12-09,Chennai,priti.kumar@example.com
510,Manoj Patel,52,Marketing,128866.0,2023-09-20,Delhi,
511,Priya Singh,35,Finance,125400.0,2025-03-17,Hyderabad,priya.singh@example.com
512,Sneha Sharma,22,Marketing,51652.0,2022-08-12,Pune,sneha.sharma@example.com
513,Anita Sharma,25,Sales,55369.0,2024-08-08,Hyderabad,anita.sharma@example.com
514,Vikram Reddy,34,Marketing,142045.0,2023-06-12,Chennai,vikram.reddy@example.com
515,Anita Verma,49,IT,131323.0,2024-06-13,Delhi,anita.verma@example.com
516,Neha Sharma,37,Finance,42161.0,2025-06-09,Bangalore,neha.sharma@example.com
517,Pooja Reddy,31,IT,64670.0,2021-08-22,Kolkata,pooja.reddy@example.com
518,Pooja Kumar,41,IT,120603.0,2021-09-29,Chennai,pooja.kumar@example.com
519,Rohan Sharma,45,Marketing,62515.0,2022-04-16,Delhi,rohan.sharma@example.com
520,Amit Sharma,49,HR,90968.0,2022-05-02,Pune,amit.sharma@example.com
521,Rohan Kumar,29,HR,99931.0,2022-08-10,Bangalore,rohan.kumar@example.com
522,Rohan Singh,27,Finance,38136.0,2021-06-18,Bangalore,rohan.singh@example.com
523,Asha Kumar,43,Sales,28682.0,2023-10-05,Delhi,asha.kumar@example.com
524,Arun Patel,49,Operations,57309.0,2025-01-13,Pune,arun.patel@example.com
525,Sanjay Patel,46,Finance,101704.0,2022-10-06,Pune,sanjay.patel@example.com
526,Neha Sharma,35,Operations,77027.0,2022-08-18,Hyderabad,neha.sharma@example.com
527,Arun Sharma,32,Sales,34235.0,2024-11-14,Kolkata,arun.sharma@example.com
528,Pooja Patel,43,Finance,32354.0,2022-11-07,Kolkata,pooja.patel@example.com
529,Pooja Kumar,45,IT,51397.0,2023-08-20,Bangalore,pooja.kumar@example.com
530,Meera Verma,54,Marketing,123354.0,2023-07-23,Kolkata,meera.verma@example.com
531,Rohan Kumar,52,Marketing,137453.0,2022-05-27,Hyderabad,
532,Priti Kumar,28,Operations,149557.0,2022-05-22,Delhi,priti.kumar@example.com
533,Neha Reddy,44,IT,54136.0,2024-07-13,Delhi,neha.reddy@example.com
534,Amit Reddy,46,Marketing,146373.0,2024-10-21,Kolkata,amit.reddy@example.com
535,Vijay Kumar,45,Sales,124314.0,2025-04-18,Delhi,vijay.kumar@example.com
536,Deepa Kumar,26,Marketing,73689.0,2021-08-05,Bangalore,deepa.kumar@example.com
537,Amit Gupta,48,Finance,46888.0,2024-10-22,Mumbai,amit.gupta@example.com
538,Asha Singh,35,Operations,69505.0,2023-06-07,Bangalore,asha.singh@example.com
539,Suresh Verma,32,Operations,29743.0,2022-12-14,Delhi,suresh.verma@example.com
540,Anita Sharma,32,Marketing,62804.0,2024-11-10,Chennai,anita.sharma@example.com
541,Manoj Gupta,44,Operations,145778.0,2024-11-02,Chennai,manoj.gupta@example.com
542,Arun Sharma,43,Operations,109635.0,2023-09-28,Hyderabad,arun.sharma@example.com
543,Amit Verma,47,IT,121907.0,2024-09-14,Mumbai,amit.verma@example.com
544,Sanjay Kumar,30,Sales,32138.0,2025-01-27,Pune,sanjay.kumar@example.com
545,Sunita Verma,33,Finance,123309.0,2022-06-27,Pune,sunita.verma@example.com
546,Vijay Singh,29,Sales,68244.0,2022-01-09,Bangalore,vijay.singh@example.com
547,Sneha Singh,45,HR,34478.0,2023-03-21,Pune,sneha.singh@example.com
548,Ravi Verma,54,HR,78454.0,2024-12-01,Chennai,ravi.verma@example.com
549,Rohan Sharma,22,Operations,107536.0,2024-12-11,Delhi,rohan.sharma@example.com
550,Arun Gupta,33,IT,65814.0,2023-04-20,Delhi,arun.gupta@example.com
551,Manoj Patel,28,HR,81175.0,2022-11-30,Pune,manoj.patel@example.com
552,Sneha Reddy,45,Marketing,41808.0,2025-05-05,Pune,sneha.reddy@example.com
553,Arun Gupta,46,HR,103491.0,2024-03-15,Mumbai,
554,Arun Gupta,43,Marketing,133140.0,2024-04-27,Pune,arun.gupta@example.com
555,Arun Gupta,29,HR,50666.0,2021-10-30,Delhi,arun.gupta@example.com
556,Vijay Kumar,39,Operations,101933.0,2022-10-03,Mumbai,vijay.kumar@example.com
557,Amit Sharma,42,Finance,44364.0,2024-01-21,Kolkata,amit.sharma@example.com
558,Kumar Gupta,28,Sales,,2021-08-09,Delhi,kumar.gupta@example.com
559,Vijay Sharma,47,IT,120684.0,2024-04-11,Pune,vijay.sharma@example.com
560,Asha Gupta,50,Operations,88246.0,2022-08-28,Kolkata,asha.gupta@example.com
561,Suresh Reddy,47,Marketing,99223.0,2024-11-27,Mumbai,suresh.reddy@example.com
562,Vikram Gupta,25,Marketing,86318.0,2023-06-27,Kolkata,vikram.gupta@example.com
563,Sanjay Patel,49,IT,37516.0,2024-05-13,Pune,sanjay.patel@example.com
564,Suresh Patel,25,HR,99325.0,2024-02-27,Delhi,suresh.patel@example.com
565,Asha Verma,43,IT,136808.0,2021-10-11,Mumbai,asha.verma@example.com
566,Meera Gupta,24,IT,56616.0,2022-11-29,Chennai,meera.gupta@example.com
567,Rahul Kumar,51,Marketing,73907.0,2023-03-02,Kolkata,rahul.kumar@example.com
568,Suresh Kumar,45,Operations,31362.0,2024-12-21,Kolkata,suresh.kumar@example.com
569,Amit Verma,44,Marketing,139536.0,2022-10-14,Delhi,amit.verma@example.com
570,Sunita Reddy,51,Operations,93539.0,2022-06-26,Kolkata,sunita.reddy@example.com
571,Vikram Patel,22,Operations,71188.0,2022-09-28,Bangalore,vikram.patel@example.com
572,Sanjay Sharma,51,IT,79401.0,2022-03-17,Mumbai,sanjay.sharma@example.com
573,Manoj Singh,37,Sales,131522.0,2023-06-22,Delhi,manoj.singh@example.com
574,Manoj Sharma,24,Operations,127819.0,2024-03-24,Chennai,manoj.sharma@example.com
575,Ravi Gupta,55,HR,143453.0,2023-02-12,Kolkata,ravi.gupta@example.com
576,Arun Verma,32,Marketing,135468.0,2022-08-27,Pune,arun.verma@example.com
577,Suresh Reddy,47,IT,142892.0,2022-12-08,Pune,suresh.reddy@example.com
578,Rahul Gupta,39,Operations,114979.0,2023-11-01,Hyderabad,rahul.gupta@example.com
579,Manoj Verma,44,Sales,,2023-08-10,Bangalore,manoj.verma@example.com
580,Priti Patel,55,Sales,133717.0,2023-03-09,Hyderabad,
581,Priya Verma,46,IT,75462.0,2022-06-24,Chennai,priya.verma@example.com
582,Deepa Verma,27,Finance,32239.0,2024-11-24,Bangalore,deepa.verma@example.com
583,Rohan Verma,25,Finance,89439.0,2021-10-15,Bangalore,rohan.verma@example.com
584,Vijay Reddy,47,IT,137196.0,2021-09-12,Chennai,vijay.reddy@example.com
585,Vikram Reddy,48,HR,42452.0,2023-12-27,Bangalore,vikram.reddy@example.com
586,Sunita Patel,44,HR,69913.0,2024-06-15,Kolkata,sunita.patel@example.com
587,Neha Patel,39,Marketing,69904.0,2024-09-17,Delhi,neha.patel@example.com
588,Rahul Verma,46,IT,54049.0,2022-07-11,Delhi,rahul.verma@example.com
589,Kavita Kumar,37,Marketing,95471.0,2025-04-14,Hyderabad,kavita.kumar@example.com
590,Manoj Kumar,42,Marketing,,2023-02-15,Kolkata,manoj.kumar@example.com
591,Meera Gupta,32,Operations,75935.0,2024-10-27,Kolkata,meera.gupta@example.com
592,Kumar Kumar,37,Operations,126850.0,2022-09-12,Bangalore,kumar.kumar@example.com
593,Pooja Singh,33,IT,138484.0,2024-11-19,Chennai,pooja.singh@example.com
594,Priya Reddy,38,HR,139127.0,2022-09-01,Pune,priya.reddy@example.com
595,Neha Patel,49,Operations,,2024-01-13,Delhi,neha.patel@example.com
596,Sanjay Singh,53,HR,137951.0,2022-06-05,Pune,sanjay.singh@example.com
597,Sanjay Kumar,53,HR,41932.0,2022-02-14,Mumbai,sanjay.kumar@example.com
598,Sunita Gupta,46,Marketing,100389.0,2025-04-27,Bangalore,sunita.gupta@example.com
599,Asha Gupta,36,Marketing,86313.0,2021-12-04,Hyderabad,asha.gupta@example.com
600,Kumar Reddy,30,Sales,64673.0,2022-10-12,Bangalore,kumar.reddy@example.com
601,Arun Sharma,39,Finance,94285.0,2024-01-17,Kolkata,arun.sharma@example.com
602,Priya Singh,30,Sales,136657.0,2024-11-27,Kolkata,priya.singh@example.com
603,Priti Gupta,23,Sales,35076.0,2021-09-22,Hyderabad,priti.gupta@example.com
604,Priti Sharma,38,Finance,79576.0,2024-04-22,Delhi,priti.sharma@example.com
605,Anita Kumar,36,Sales,33249.0,2023-01-23,Chennai,anita.kumar@example.com
606,Nisha Kumar,45,Marketing,122839.0,2022-03-03,Mumbai,nisha.kumar@example.com
607,Asha Gupta,29,Marketing,93639.0,2022-10-13,Chennai,asha.gupta@example.com
608,Pooja Patel,40,HR,34777.0,2023-03-05,Bangalore,pooja.patel@example.com
609,Amit Gupta,31,IT,51112.0,2024-07-22,Mumbai,
610,Rahul Sharma,10,Finance,102643.0,2023-06-13,Hyderabad,rahul.sharma@example.com
611,Amit Reddy,32,Finance,27088.0,2021-11-06,Kolkata,amit.reddy@example.com
612,Arun Verma,22,IT,91542.0,2024-08-04,Delhi,arun.verma@example.com
613,Raj Reddy,47,Finance,40333.0,2023-02-19,Kolkata,raj.reddy@example.com
614,Ravi Kumar,48,Finance,71886.0,2025-02-25,Pune,ravi.kumar@example.com
615,Sanjay Reddy,25,Operations,,2023-06-25,Mumbai,sanjay.reddy@example.com
616,Deepa Singh,40,HR,79129.0,2022-05-24,Kolkata,deepa.singh@example.com
617,Neha Reddy,48,Operations,148926.0,2023-02-07,Bangalore,neha.reddy@example.com
618,Vijay Singh,27,HR,80186.0,2022-05-24,Chennai,vijay.singh@example.com
619,Anita Sharma,28,Sales,100474.0,2021-09-09,Kolkata,anita.sharma@example.com
620,Amit Reddy,28,HR,115470.0,2021-12-24,Kolkata,amit.reddy@example.com
621,Meera Reddy,44,IT,141643.0,2023-04-14,Bangalore,meera.reddy@example.com
622,Vikram Gupta,29,IT,,2023-06-01,Delhi,vikram.gupta@example.com
623,Rahul Reddy,40,IT,92494.0,2025-04-04,Delhi,rahul.reddy@example.com
624,Arun Reddy,24,IT,136615.0,2021-10-04,Pune,arun.reddy@example.com
625,Kumar Reddy,53,Marketing,39590.0,2024-11-23,Kolkata,kumar.reddy@example.com
626,Neha Kumar,39,HR,109966.0,2021-11-28,Kolkata,neha.kumar@example.com
627,Neha Reddy,45,HR,112385.0,2023-02-15,Kolkata,neha.reddy@example.com
628,Kumar Sharma,25,Operations,135419.0,2024-08-29,Mumbai,kumar.sharma@example.com
629,Rahul Singh,37,HR,56203.0,2024-08-09,Chennai,rahul.singh@example.com
630,Nisha Patel,38,Operations,111840.0,2021-07-06,Kolkata,nisha.patel@example.com
631,Manoj Sharma,30,IT,100923.0,2023-07-31,Pune,manoj.sharma@example.com
632,Neha Reddy,46,Finance,118034.0,2025-01-05,Kolkata,neha.reddy@example.com
633,Meera Reddy,41,IT,82755.0,2024-08-31,Bangalore,meera.reddy@example.com
634,Priti Patel,50,IT,138319.0,2024-07-31,Mumbai,priti.patel@example.com
635,Priya Sharma,43,Marketing,61425.0,2024-06-10,Hyderabad,priya.sharma@example.com
636,Amit Verma,44,Marketing,138901.0,2022-11-02,Chennai,amit.verma@example.com
637,Suresh Verma,31,Operations,76836.0,2022-12-29,Hyderabad,suresh.verma@example.com
638,Sneha Kumar,53,Operations,47727.0,2022-10-27,Kolkata,sneha.kumar@example.com
639,Pooja Sharma,52,Operations,118778.0,2023-12-30,Kolkata,pooja.sharma@example.com
640,Rahul Patel,37,Sales,49885.0,2022-07-29,Delhi,rahul.patel@example.com
641,Kumar Sharma,53,IT,80621.0,2024-03-03,Kolkata,kumar.sharma@example.com
642,Kavita Singh,29,Operations,60515.0,2024-09-12,Kolkata,kavita.singh@example.com
643,Priti Sharma,28,IT,61834.0,2024-02-11,Hyderabad,priti.sharma@example.com
644,Vijay Patel,46,IT,106722.0,2023-03-12,Kolkata,vijay.patel@example.com
645,Amit Patel,49,Marketing,69134.0,2023-07-23,Kolkata,amit.patel@example.com
646,Arun Kumar,41,HR,98621.0,2023-08-21,Chennai,arun.kumar@example.com
647,Meera Reddy,39,Marketing,136602.0,2022-05-01,Mumbai,meera.reddy@example.com
648,Sanjay Singh,37,Operations,36396.0,2022-11-03,Hyderabad,sanjay.singh@example.com
649,Deepa Reddy,26,Finance,117843.0,2025-06-13,Mumbai,deepa.reddy@example.com
650,Ravi Gupta,24,Operations,76993.0,2025-03-15,Hyderabad,ravi.gupta@example.com
651,Kavita Patel,48,Sales,52699.0,2022-09-21,Hyderabad,kavita.patel@example.com
652,Anita Reddy,45,IT,,2021-07-14,Kolkata,
653,Anita Reddy,42,HR,94083.0,2022-06-10,Chennai,anita.reddy@example.com
654,Meera Singh,28,Marketing,140708.0,2021-12-28,Delhi,meera.singh@example.com
655,Kavita Reddy,24,IT,138614.0,2023-05-13,Mumbai,kavita.reddy@example.com
656,Asha Reddy,35,HR,52706.0,2023-11-03,Kolkata,asha.reddy@example.com
657,Sunita Sharma,48,Marketing,86707.0,2023-07-30,Kolkata,sunita.sharma@example.com
658,Asha Kumar,37,HR,104764.0,2022-11-08,Bangalore,asha.kumar@example.com
659,Vikram Sharma,33,HR,132303.0,2024-02-24,Mumbai,vikram.sharma@example.com
660,Deepa Gupta,10,Operations,66949.0,2025-03-18,Pune,deepa.gupta@example.com
661,Asha Patel,35,HR,142023.0,2023-11-19,Hyderabad,asha.patel@example.com
662,Kumar Sharma,39,Sales,39267.0,2022-02-11,Pune,kumar.sharma@example.com
663,Sneha Gupta,34,Marketing,99472.0,2024-08-17,Kolkata,sneha.gupta@example.com
664,Kumar Reddy,37,HR,76816.0,2024-02-06,Bangalore,kumar.reddy@example.com
665,Sneha Gupta,26,Finance,124941.0,2023-04-12,Delhi,sneha.gupta@example.com
666,Meera Verma,42,Sales,28226.0,2021-10-29,Mumbai,meera.verma@example.com
667,Vikram Sharma,10,Operations,57497.0,2022-08-14,Pune,vikram.sharma@example.com
668,Meera Kumar,52,IT,53262.0,2025-01-24,Bangalore,meera.kumar@example.com
669,Sneha Singh,24,Sales,55208.0,2025-05-14,Kolkata,sneha.singh@example.com
670,Priya Sharma,28,HR,75917.0,2023-12-30,Delhi,priya.sharma@example.com
671,Sneha Gupta,29,HR,132073.0,2024-02-03,Pune,
672,Vijay Sharma,50,HR,82435.0,2024-08-26,Delhi,vijay.sharma@example.com
673,Ravi Kumar,40,Finance,69105.0,2025-04-06,Kolkata,ravi.kumar@example.com
674,Sneha Patel,41,Marketing,118971.0,2022-08-27,Chennai,sneha.patel@example.com
675,Pooja Reddy,24,IT,133640.0,2024-07-24,Mumbai,pooja.reddy@example.com
676,Arun Singh,46,HR,64817.0,2024-04-02,Chennai,arun.singh@example.com
677,Raj Singh,49,HR,81631.0,2023-03-04,Delhi,raj.singh@example.com
678,Deepa Verma,47,Finance,35222.0,2024-05-01,Mumbai,deepa.verma@example.com
679,Priti Sharma,28,Operations,80133.0,2024-12-09,Delhi,priti.sharma@example.com
680,Rahul Verma,23,Operations,,2022-10-04,Chennai,rahul.verma@example.com
681,Sneha Gupta,23,Marketing,81067.0,2022-06-25,Delhi,sneha.gupta@example.com
682,Meera Patel,23,Marketing,70191.0,2022-04-19,Mumbai,meera.patel@example.com
683,Sunita Gupta,29,HR,138885.0,2024-04-14,Hyderabad,sunita.gupta@example.com
684,Anita Singh,28,Sales,33625.0,2024-07-04,Mumbai,anita.singh@example.com
685,Anita Reddy,34,Sales,49561.0,2024-04-05,Delhi,anita.reddy@example.com
686,Kumar Gupta,47,IT,99709.0,2024-04-16,Bangalore,kumar.gupta@example.com
687,Kumar Sharma,28,Finance,88834.0,2024-03-14,Hyderabad,kumar.sharma@example.com
688,Manoj Sharma,36,Marketing,106647.0,2023-12-05,Mumbai,manoj.sharma@example.com
689,Priti Kumar,29,Marketing,28146.0,2024-10-18,Mumbai,priti.kumar@example.com
690,Priti Verma,34,IT,40341.0,2023-11-16,Mumbai,priti.verma@example.com
691,Manoj Kumar,49,IT,147890.0,2023-08-07,Bangalore,manoj.kumar@example.com
692,Rohan Verma,52,Sales,88780.0,2024-02-23,Hyderabad,rohan.verma@example.com
693,Rohan Singh,38,IT,69682.0,2024-09-07,Hyderabad,rohan.singh@example.com
694,Priya Reddy,31,Marketing,53609.0,2023-05-28,Delhi,priya.reddy@example.com
695,Neha Patel,47,Sales,102265.0,2023-02-21,Bangalore,neha.patel@example.com
696,Manoj Kumar,37,Operations,54147.0,2022-06-09,Hyderabad,manoj.kumar@example.com
697,Vijay Singh,39,IT,95479.0,2021-08-15,Mumbai,vijay.singh@example.com
698,Raj Kumar,35,IT,30113.0,2025-01-08,Pune,raj.kumar@example.com
699,Rohan Gupta,48,HR,40577.0,2024-04-27,Kolkata,rohan.gupta@example.com
700,Anita Verma,33,Sales,79955.0,2022-01-10,Pune,anita.verma@example.com
701,Suresh Gupta,35,Sales,91996.0,2021-10-24,Hyderabad,suresh.gupta@example.com
702,Manoj Kumar,50,Operations,146745.0,2021-06-23,Chennai,manoj.kumar@example.com
703,Meera Singh,49,HR,86227.0,2024-07-06,Kolkata,meera.singh@example.com
704,Ravi Kumar,43,Finance,47039.0,2022-07-22,Mumbai,
705,Sneha Reddy,46,Finance,57035.0,2023-12-23,Kolkata,sneha.reddy@example.com
706,Amit Verma,34,HR,129473.0,2022-09-17,Delhi,amit.verma@example.com
707,Sunita Verma,37,HR,134579.0,2022-05-22,Pune,sunita.verma@example.com
708,Vikram Kumar,38,HR,104555.0,2025-01-25,Bangalore,vikram.kumar@example.com
709,Raj Verma,27,IT,128343.0,2024-03-27,Pune,raj.verma@example.com
710,Rohan Verma,37,IT,142873.0,2023-03-30,Delhi,rohan.verma@example.com
711,Sanjay Patel,34,IT,98061.0,2022-01-30,Chennai,sanjay.patel@example.com
712,Pooja Singh,52,HR,41227.0,2025-04-08,Kolkata,pooja.singh@example.com
713,Anita Reddy,30,Finance,118912.0,2022-10-26,Chennai,anita.reddy@example.com
714,Amit Verma,35,Marketing,104239.0,2023-08-09,Kolkata,amit.verma@example.com
715,Arun Kumar,24,Sales,142218.0,2024-02-14,Mumbai,arun.kumar@example.com
716,Rohan Verma,43,IT,129927.0,2025-03-13,Delhi,rohan.verma@example.com
717,Vikram Reddy,35,Finance,139128.0,2023-03-29,Mumbai,vikram.reddy@example.com
718,Rohan Verma,45,HR,149027.0,2022-08-02,Delhi,rohan.verma@example.com
719,Manoj Gupta,37,Operations,83669.0,2023-06-07,Hyderabad,manoj.gupta@example.com
720,Rohan Patel,22,Operations,45795.0,2023-10-11,Chennai,rohan.patel@example.com
721,Rahul Gupta,24,IT,136131.0,2023-05-18,Hyderabad,rahul.gupta@example.com
722,Sunita Verma,47,Marketing,142801.0,2025-02-25,Delhi,sunita.verma@example.com
723,Vijay Singh,35,IT,40404.0,2021-12-15,Hyderabad,vijay.singh@example.com
724,Meera Reddy,55,Operations,46823.0,2025-05-06,Kolkata,meera.reddy@example.com
725,Sanjay Patel,39,Operations,83728.0,2022-08-31,Mumbai,sanjay.patel@example.com
726,Rohan Singh,49,Sales,45230.0,2024-11-29,Mumbai,rohan.singh@example.com
727,Anita Sharma,47,Finance,136032.0,2023-04-25,Chennai,anita.sharma@example.com
728,Ravi Verma,44,Operations,55644.0,2025-05-26,Mumbai,ravi.verma@example.com
729,Priya Singh,31,Sales,74376.0,2021-11-10,Mumbai,priya.singh@example.com
730,Neha Reddy,50,Finance,126669.0,2024-05-28,Mumbai,neha.reddy@example.com
731,Rohan Sharma,55,IT,44663.0,2021-09-30,Bangalore,rohan.sharma@example.com
732,Manoj Sharma,53,Marketing,46622.0,2023-10-02,Mumbai,manoj.sharma@example.com
733,Anita Sharma,38,HR,89557.0,2022-11-06,Mumbai,anita.sharma@example.com
734,Nisha Reddy,47,IT,98897.0,2022-03-17,Pune,nisha.reddy@example.com
735,Deepa Patel,48,IT,79043.0,2024-06-24,Mumbai,deepa.patel@example.com
736,Kavita Verma,53,Sales,123541.0,2022-07-31,Mumbai,kavita.verma@example.com
737,Meera Patel,50,Operations,37042.0,2024-02-09,Pune,meera.patel@example.com
738,Kumar Singh,25,HR,69637.0,2023-02-21,Mumbai,kumar.singh@example.com
739,Suresh Reddy,45,HR,88771.0,2022-12-16,Chennai,suresh.reddy@example.com
740,Sunita Sharma,48,Sales,37549.0,2023-03-12,Kolkata,sunita.sharma@example.com
741,Nisha Gupta,43,Operations,54448.0,2022-10-03,Kolkata,nisha.gupta@example.com
742,Kumar Patel,38,HR,52380.0,2025-01-16,Hyderabad,kumar.patel@example.com
743,Vijay Verma,44,Sales,116656.0,2023-02-05,Bangalore,vijay.verma@example.com
744,Priya Singh,51,HR,41800.0,2024-05-23,Delhi,priya.singh@example.com
745,Priti Gupta,38,Operations,126710.0,2022-07-17,Pune,priti.gupta@example.com
746,Raj Sharma,27,Sales,114202.0,2024-07-07,Delhi,raj.sharma@example.com
747,Nisha Singh,35,HR,54959.0,2022-01-13,Pune,nisha.singh@example.com
748,Ravi Kumar,46,Operations,125961.0,2023-07-10,Kolkata,ravi.kumar@example.com
749,Ravi Sharma,46,IT,56781.0,2025-03-12,Mumbai,ravi.sharma@example.com
750,Vikram Gupta,34,Marketing,79879.0,2022-04-21,Hyderabad,vikram.gupta@example.com
751,Manoj Patel,40,IT,63077.0,2024-04-15,Delhi,manoj.patel@example.com
752,Pooja Patel,39,Operations,71230.0,2023-05-12,Chennai,pooja.patel@example.com
753,Vikram Verma,45,HR,38212.0,2023-09-03,Chennai,vikram.verma@example.com
754,Vijay Gupta,46,Marketing,143554.0,2025-03-18,Hyderabad,
755,Pooja Patel,54,Finance,113038.0,2022-09-03,Mumbai,pooja.patel@example.com
756,Arun Singh,54,Sales,35053.0,2022-03-22,Delhi,arun.singh@example.com
757,Raj Kumar,43,Marketing,91476.0,2023-08-20,Pune,raj.kumar@example.com
758,Kumar Singh,22,Finance,53239.0,2021-12-23,Bangalore,kumar.singh@example.com
759,Vijay Reddy,27,IT,32820.0,2021-06-25,Bangalore,vijay.reddy@example.com
760,Priya Kumar,23,Sales,115015.0,2025-03-01,Kolkata,priya.kumar@example.com
761,Sanjay Verma,29,Sales,71787.0,2022-11-29,Kolkata,sanjay.verma@example.com
762,Kumar Patel,23,Marketing,34604.0,2022-01-19,Delhi,kumar.patel@example.com
763,Raj Reddy,10,Operations,77885.0,2024-05-24,Kolkata,raj.reddy@example.com
764,Amit Singh,35,Marketing,140276.0,2024-08-27,Mumbai,amit.singh@example.com
765,Sanjay Verma,25,HR,40962.0,2025-02-06,Hyderabad,sanjay.verma@example.com
766,Asha Reddy,33,Sales,114619.0,2023-04-28,Delhi,asha.reddy@example.com
767,Deepa Kumar,23,Sales,78823.0,2025-03-17,Bangalore,deepa.kumar@example.com
768,Sanjay Verma,52,HR,31777.0,2022-04-05,Hyderabad,sanjay.verma@example.com
769,Sunita Sharma,24,Operations,30797.0,2022-08-29,Kolkata,sunita.sharma@example.com
770,Kumar Kumar,45,HR,116583.0,2023-05-02,Kolkata,kumar.kumar@example.com
771,Asha Reddy,31,HR,147805.0,2022-08-14,Hyderabad,asha.reddy@example.com
772,Vikram Sharma,49,Sales,87752.0,2022-06-14,Pune,vikram.sharma@example.com
773,Raj Reddy,23,Marketing,144282.0,2025-02-26,Hyderabad,raj.reddy@example.com
774,Raj Reddy,35,IT,121789.0,2023-07-05,Chennai,raj.reddy@example.com
775,Neha Kumar,32,Operations,140673.0,2024-03-26,Mumbai,neha.kumar@example.com
776,Rahul Sharma,42,HR,69394.0,2021-07-09,Kolkata,rahul.sharma@example.com
777,Neha Singh,35,IT,120784.0,2022-07-22,Chennai,neha.singh@example.com
778,Kavita Sharma,23,Sales,74330.0,2022-09-29,Pune,kavita.sharma@example.com
779,Vikram Singh,36,IT,130419.0,2023-05-27,Pune,vikram.singh@example.com
780,Nisha Sharma,30,HR,53670.0,2023-08-18,Chennai,nisha.sharma@example.com
781,Meera Gupta,33,Sales,49181.0,2023-04-26,Chennai,meera.gupta@example.com
782,Sunita Patel,37,Sales,74109.0,2023-11-20,Hyderabad,sunita.patel@example.com
783,Rahul Gupta,43,Sales,80818.0,2025-02-26,Pune,rahul.gupta@example.com
784,Anita Verma,26,Marketing,78799.0,2024-05-29,Bangalore,anita.verma@example.com
785,Pooja Kumar,32,Finance,93007.0,2022-02-24,Delhi,pooja.kumar@example.com
786,Meera Singh,51,HR,102998.0,2025-04-06,Pune,meera.singh@example.com
787,Rahul Patel,52,HR,50706.0,2024-08-11,Chennai,rahul.patel@example.com
788,Kumar Sharma,26,HR,105278.0,2023-06-30,Mumbai,kumar.sharma@example.com
789,Neha Verma,23,Sales,108005.0,2021-10-05,Mumbai,neha.verma@example.com
790,Kavita Reddy,25,Finance,85451.0,2022-05-20,Mumbai,kavita.reddy@example.com
791,Suresh Singh,30,Marketing,108882.0,2023-09-20,Kolkata,suresh.singh@example.com
792,Vikram Reddy,43,IT,48978.0,2024-09-23,Kolkata,
793,Arun Patel,52,HR,126649.0,2022-09-13,Delhi,arun.patel@example.com
794,Raj Verma,36,Operations,146565.0,2023-08-18,Pune,raj.verma@example.com
795,Anita Verma,28,Marketing,89725.0,2024-05-29,Chennai,anita.verma@example.com
796,Manoj Patel,25,Operations,32502.0,2024-03-26,Mumbai,manoj.patel@example.com
797,Neha Singh,50,HR,40716.0,2024-08-16,Chennai,neha.singh@example.com
798,Raj Verma,51,HR,28077.0,2021-12-17,Chennai,
799,Kumar Patel,47,IT,42459.0,2024-04-09,Mumbai,kumar.patel@example.com
800,Neha Singh,55,IT,109717.0,2024-11-27,Kolkata,neha.singh@example.com
801,Anita Verma,29,Finance,108929.0,2024-03-28,Hyderabad,anita.verma@example.com
802,Rohan Sharma,50,Marketing,76099.0,2023-05-13,Pune,rohan.sharma@example.com
803,Sneha Reddy,29,Sales,131333.0,2021-09-21,Pune,sneha.reddy@example.com
804,Vikram Kumar,55,Marketing,,2025-02-19,Pune,vikram.kumar@example.com
805,Kavita Singh,52,Sales,123507.0,2022-12-17,Pune,kavita.singh@example.com
806,Raj Sharma,39,HR,107458.0,2022-01-12,Chennai,raj.sharma@example.com
807,Deepa Verma,42,IT,119888.0,2023-06-15,Hyderabad,deepa.verma@example.com
808,Rahul Sharma,34,HR,36884.0,2025-04-18,Hyderabad,rahul.sharma@example.com
809,Vikram Gupta,37,Operations,102043.0,2023-09-23,Mumbai,vikram.gupta@example.com
810,Manoj Reddy,30,Marketing,144599.0,2023-02-13,Bangalore,manoj.reddy@example.com
811,Kavita Sharma,50,IT,65894.0,2023-11-11,Delhi,kavita.sharma@example.com
812,Vijay Kumar,48,Operations,75556.0,2023-03-26,Hyderabad,vijay.kumar@example.com
813,Priya Singh,30,Finance,125345.0,2022-06-29,Mumbai,priya.singh@example.com
814,Kumar Sharma,41,IT,71794.0,2022-05-16,Kolkata,kumar.sharma@example.com
815,Rahul Sharma,43,Finance,77596.0,2024-05-21,Kolkata,rahul.sharma@example.com
816,Manoj Kumar,54,Finance,98285.0,2021-10-20,Kolkata,manoj.kumar@example.com
817,Asha Kumar,41,Operations,117518.0,2024-11-18,Kolkata,asha.kumar@example.com
818,Anita Kumar,47,IT,127161.0,2022-03-07,Mumbai,anita.kumar@example.com
819,Nisha Gupta,37,Marketing,91324.0,2022-07-10,Hyderabad,nisha.gupta@example.com
820,Sanjay Singh,46,Marketing,73843.0,2025-01-09,Mumbai,sanjay.singh@example.com
821,Sunita Reddy,46,Finance,79360.0,2021-07-17,Mumbai,sunita.reddy@example.com
822,Meera Singh,34,IT,130894.0,2022-04-09,Delhi,meera.singh@example.com
823,Asha Sharma,32,HR,69411.0,2022-09-04,Mumbai,asha.sharma@example.com
824,Priya Gupta,37,Marketing,100162.0,2024-09-25,Pune,priya.gupta@example.com
825,Ravi Patel,26,HR,,2021-07-17,Chennai,ravi.patel@example.com
826,Amit Gupta,35,IT,116792.0,2024-12-22,Mumbai,amit.gupta@example.com
827,Sanjay Reddy,32,Finance,54384.0,2024-10-28,Delhi,sanjay.reddy@example.com
828,Meera Kumar,27,IT,118253.0,2021-10-18,Chennai,meera.kumar@example.com
829,Nisha Singh,25,Marketing,107397.0,2025-03-26,Kolkata,nisha.singh@example.com
830,Vikram Verma,44,IT,,2023-11-22,Hyderabad,vikram.verma@example.com
831,Priti Reddy,34,Marketing,71421.0,2021-06-15,Kolkata,priti.reddy@example.com
832,Neha Gupta,31,Marketing,34385.0,2022-06-19,Pune,neha.gupta@example.com
833,Rahul Verma,32,Finance,50708.0,2025-03-14,Delhi,rahul.verma@example.com
834,Priti Gupta,45,Sales,123282.0,2022-12-04,Bangalore,priti.gupta@example.com
835,Manoj Singh,33,HR,39570.0,2022-11-18,Chennai,manoj.singh@example.com
836,Priya Singh,43,HR,43309.0,2021-09-23,Hyderabad,priya.singh@example.com
837,Sneha Patel,42,Marketing,102403.0,2023-01-09,Mumbai,sneha.patel@example.com
838,Neha Patel,42,HR,107741.0,2022-07-15,Pune,neha.patel@example.com
839,Pooja Sharma,35,IT,123349.0,2025-01-24,Kolkata,pooja.sharma@example.com
840,Arun Sharma,25,Finance,32880.0,2025-04-01,Kolkata,arun.sharma@example.com
841,Amit Gupta,54,Operations,84838.0,2023-04-30,Bangalore,amit.gupta@example.com
842,Sunita Sharma,51,Sales,127943.0,2024-02-13,Chennai,sunita.sharma@example.com
843,Ravi Gupta,23,Sales,63258.0,2022-07-30,Bangalore,ravi.gupta@example.com
844,Ravi Reddy,26,Finance,33059.0,2023-11-20,Delhi,ravi.reddy@example.com
845,Priti Kumar,53,Operations,98463.0,2023-01-23,Hyderabad,priti.kumar@example.com
846,Manoj Singh,30,Sales,114363.0,2023-05-23,Mumbai,manoj.singh@example.com
847,Sneha Reddy,48,Finance,80893.0,2023-07-01,Bangalore,sneha.reddy@example.com
848,Manoj Verma,29,Operations,145617.0,2022-09-16,Delhi,manoj.verma@example.com
849,Nisha Verma,25,Sales,67466.0,2023-11-08,Chennai,nisha.verma@example.com
850,Priya Singh,53,IT,141416.0,2022-01-27,Chennai,priya.singh@example.com
851,Vikram Singh,37,IT,99150.0,2024-11-13,Mumbai,vikram.singh@example.com
852,Pooja Reddy,55,Sales,123443.0,2024-10-24,Hyderabad,pooja.reddy@example.com
853,Neha Verma,42,Finance,120134.0,2023-12-24,Pune,neha.verma@example.com
854,Deepa Singh,34,Sales,149828.0,2023-02-26,Delhi,deepa.singh@example.com
855,Priti Sharma,26,Operations,103435.0,2022-08-05,Delhi,priti.sharma@example.com
856,Kumar Singh,28,IT,74360.0,2022-05-13,Bangalore,kumar.singh@example.com
857,Rohan Verma,30,Operations,37481.0,2024-09-02,Chennai,rohan.verma@example.com
858,Raj Reddy,29,IT,70933.0,2023-09-08,Delhi,raj.reddy@example.com
859,Deepa Patel,38,HR,81147.0,2024-07-13,Chennai,deepa.patel@example.com
860,Kumar Sharma,37,Sales,141603.0,2023-02-21,Bangalore,kumar.sharma@example.com
861,Raj Patel,54,IT,80643.0,2023-04-09,Kolkata,raj.patel@example.com
862,Anita Reddy,32,Operations,87641.0,2022-01-12,Kolkata,
863,Priya Singh,55,Operations,85890.0,2022-02-09,Chennai,priya.singh@example.com
864,Anita Kumar,51,Sales,,2022-06-28,Kolkata,anita.kumar@example.com
865,Rahul Sharma,50,Operations,61693.0,2021-08-03,Chennai,rahul.sharma@example.com
866,Amit Sharma,54,Finance,83550.0,2022-11-26,Bangalore,amit.sharma@example.com
867,Sanjay Sharma,23,Finance,77153.0,2022-12-23,Delhi,sanjay.sharma@example.com
868,Nisha Patel,30,HR,145332.0,2023-11-08,Chennai,nisha.patel@example.com
869,Kumar Patel,50,IT,81294.0,2024-12-15,Mumbai,kumar.patel@example.com
870,Sunita Verma,37,Finance,35790.0,2025-04-16,Chennai,sunita.verma@example.com
871,Amit Kumar,52,IT,107012.0,2021-07-25,Delhi,amit.kumar@example.com
872,Rohan Kumar,48,Marketing,39214.0,2022-05-10,Mumbai,rohan.kumar@example.com
873,Sunita Gupta,50,Finance,66352.0,2023-08-11,Kolkata,sunita.gupta@example.com
874,Neha Reddy,50,HR,43426.0,2024-02-19,Kolkata,neha.reddy@example.com
875,Sneha Verma,39,HR,88913.0,2023-07-12,Hyderabad,sneha.verma@example.com
876,Priti Reddy,29,Sales,139538.0,2023-06-19,Chennai,priti.reddy@example.com
877,Pooja Kumar,30,IT,97589.0,2023-10-15,Chennai,pooja.kumar@example.com
878,Rahul Reddy,24,Operations,77541.0,2023-06-09,Kolkata,rahul.reddy@example.com
879,Anita Gupta,40,Operations,87241.0,2023-10-20,Kolkata,anita.gupta@example.com
880,Neha Kumar,31,Operations,71125.0,2023-02-13,Bangalore,neha.kumar@example.com
881,Rahul Patel,40,Sales,113634.0,2024-01-19,Hyderabad,
882,Asha Kumar,47,Sales,134361.0,2024-02-28,Mumbai,asha.kumar@example.com
883,Manoj Gupta,23,Sales,38946.0,2023-05-18,Hyderabad,manoj.gupta@example.com
884,Raj Sharma,26,Sales,146050.0,2023-08-15,Mumbai,raj.sharma@example.com
885,Rahul Singh,23,Finance,67587.0,2021-10-12,Kolkata,rahul.singh@example.com
886,Nisha Kumar,49,Finance,116056.0,2023-01-23,Pune,nisha.kumar@example.com
887,Raj Reddy,37,IT,145999.0,2021-07-07,Pune,raj.reddy@example.com
888,Rahul Singh,29,HR,87699.0,2022-05-31,Bangalore,rahul.singh@example.com
889,Priya Patel,40,Finance,,2022-03-23,Chennai,priya.patel@example.com
890,Ravi Kumar,47,HR,45500.0,2022-07-01,Mumbai,ravi.kumar@example.com
891,Pooja Singh,46,Marketing,51176.0,2022-08-29,Bangalore,pooja.singh@example.com
892,Arun Kumar,51,HR,116123.0,2021-10-18,Mumbai,arun.kumar@example.com
893,Rohan Kumar,51,Marketing,61553.0,2022-02-03,Bangalore,rohan.kumar@example.com
894,Deepa Verma,26,Marketing,145851.0,2023-02-04,Kolkata,deepa.verma@example.com
895,Arun Gupta,26,IT,54525.0,2023-01-24,Bangalore,arun.gupta@example.com
896,Deepa Singh,23,Finance,85817.0,2023-08-21,Hyderabad,deepa.singh@example.com
897,Manoj Kumar,10,IT,44343.0,2024-07-27,Pune,manoj.kumar@example.com
898,Kumar Sharma,49,Finance,106399.0,2021-09-21,Bangalore,kumar.sharma@example.com
899,Ravi Kumar,49,IT,104467.0,2021-11-21,Kolkata,ravi.kumar@example.com
900,Manoj Gupta,40,HR,46258.0,2022-06-12,Bangalore,manoj.gupta@example.com
901,Neha Reddy,31,Operations,108344.0,2022-10-16,Mumbai,neha.reddy@example.com
902,Sneha Reddy,38,HR,147288.0,2021-11-29,Hyderabad,sneha.reddy@example.com
903,Amit Gupta,40,Operations,149499.0,2023-11-26,Bangalore,amit.gupta@example.com
904,Nisha Verma,55,Marketing,30906.0,2024-12-19,Mumbai,nisha.verma@example.com
905,Rohan Gupta,37,HR,91676.0,2021-06-18,Hyderabad,rohan.gupta@example.com
906,Priya Gupta,22,Sales,113398.0,2022-11-02,Hyderabad,priya.gupta@example.com
907,Nisha Verma,45,HR,44870.0,2024-04-16,Bangalore,nisha.verma@example.com
908,Sunita Singh,45,Sales,47887.0,2023-04-11,Delhi,sunita.singh@example.com
909,Priti Sharma,40,Operations,61945.0,2022-01-26,Bangalore,priti.sharma@example.com
910,Meera Reddy,41,Finance,71036.0,2023-03-30,Chennai,meera.reddy@example.com
911,Kumar Gupta,30,Finance,131587.0,2022-03-20,Bangalore,kumar.gupta@example.com
912,Raj Singh,31,HR,56504.0,2023-11-20,Delhi,raj.singh@example.com
913,Arun Kumar,55,Sales,35515.0,2024-03-28,Bangalore,arun.kumar@example.com
914,Raj Verma,27,IT,84400.0,2022-09-23,Hyderabad,raj.verma@example.com
915,Kumar Reddy,36,Marketing,109179.0,2021-09-15,Mumbai,kumar.reddy@example.com
916,Asha Gupta,55,IT,73951.0,2023-04-26,Hyderabad,
917,Anita Sharma,29,IT,115553.0,2024-06-24,Pune,anita.sharma@example.com
918,Sneha Sharma,23,Finance,31956.0,2022-12-14,Delhi,sneha.sharma@example.com
919,Priya Reddy,42,IT,98930.0,2021-07-28,Chennai,priya.reddy@example.com
920,Vikram Reddy,27,Finance,128995.0,2024-02-29,Hyderabad,vikram.reddy@example.com
921,Manoj Patel,55,Marketing,105834.0,2024-03-26,Pune,manoj.patel@example.com
922,Sanjay Sharma,49,IT,52110.0,2023-01-13,Mumbai,sanjay.sharma@example.com
923,Pooja Gupta,28,Sales,126143.0,2022-02-15,Mumbai,pooja.gupta@example.com
924,Suresh Reddy,50,HR,48166.0,2025-01-17,Pune,suresh.reddy@example.com
925,Meera Verma,36,IT,27378.0,2023-06-09,Kolkata,meera.verma@example.com
926,Manoj Sharma,32,Sales,122792.0,2024-04-06,Pune,manoj.sharma@example.com
927,Neha Verma,23,Operations,47012.0,2024-12-13,Bangalore,neha.verma@example.com
928,Anita Patel,23,Operations,51364.0,2024-01-05,Bangalore,anita.patel@example.com
929,Raj Reddy,28,IT,31694.0,2023-05-27,Chennai,raj.reddy@example.com
930,Pooja Singh,41,Marketing,53597.0,2024-01-18,Bangalore,pooja.singh@example.com
931,Asha Sharma,23,Finance,69885.0,2023-08-13,Bangalore,asha.sharma@example.com
932,Asha Patel,28,Sales,66849.0,2024-11-20,Bangalore,asha.patel@example.com
933,Sunita Verma,22,Finance,137397.0,2023-01-02,Bangalore,sunita.verma@example.com
934,Priya Kumar,30,Finance,124859.0,2021-09-19,Kolkata,priya.kumar@example.com
935,Arun Gupta,31,Sales,33580.0,2021-12-03,Chennai,arun.gupta@example.com
936,Vijay Gupta,25,Operations,65480.0,2021-12-26,Delhi,vijay.gupta@example.com
937,Amit Gupta,48,Sales,63653.0,2023-01-26,Pune,amit.gupta@example.com
938,Kumar Patel,23,Operations,81757.0,2022-06-22,Hyderabad,kumar.patel@example.com
939,Deepa Verma,34,Operations,131145.0,2024-08-12,Delhi,deepa.verma@example.com
940,Ravi Gupta,34,HR,89903.0,2025-03-21,Bangalore,ravi.gupta@example.com
941,Meera Gupta,31,IT,137726.0,2021-06-29,Mumbai,meera.gupta@example.com
942,Vijay Verma,35,Marketing,84685.0,2022-01-23,Bangalore,vijay.verma@example.com
943,Sanjay Reddy,30,Marketing,,2022-10-22,Kolkata,sanjay.reddy@example.com
944,Ravi Verma,43,Finance,49312.0,2021-10-26,Kolkata,ravi.verma@example.com
945,Nisha Verma,28,Sales,51687.0,2024-04-28,Mumbai,nisha.verma@example.com
946,Pooja Sharma,36,IT,53741.0,2022-04-05,Kolkata,pooja.sharma@example.com
947,Amit Verma,31,Sales,44644.0,2023-01-10,Mumbai,amit.verma@example.com
948,Sneha Verma,55,Marketing,144792.0,2021-06-30,Mumbai,sneha.verma@example.com
949,Ravi Gupta,53,Operations,47011.0,2021-11-13,Mumbai,ravi.gupta@example.com
950,Ravi Reddy,33,IT,51752.0,2024-06-15,Bangalore,ravi.reddy@example.com
951,Neha Sharma,29,Sales,122170.0,2022-09-23,Mumbai,neha.sharma@example.com
952,Sunita Verma,35,Finance,36638.0,2023-08-07,Hyderabad,sunita.verma@example.com
953,Meera Reddy,39,IT,125331.0,2024-01-23,Bangalore,meera.reddy@example.com
954,Sunita Verma,53,Finance,64715.0,2023-03-14,Pune,sunita.verma@example.com
955,Anita Singh,30,Operations,57426.0,2021-08-15,Hyderabad,anita.singh@example.com
956,Priti Gupta,47,HR,142823.0,2022-01-12,Pune,priti.gupta@example.com
957,Rohan Singh,43,HR,102575.0,2025-02-04,Mumbai,rohan.singh@example.com
958,Priti Kumar,42,HR,70909.0,2024-11-25,Delhi,priti.kumar@example.com
959,Anita Reddy,55,HR,43341.0,2023-11-08,Pune,anita.reddy@example.com
960,Rohan Kumar,29,Sales,83500.0,2022-04-26,Kolkata,rohan.kumar@example.com
961,Vijay Patel,30,Operations,127159.0,2024-09-12,Delhi,vijay.patel@example.com
962,Vijay Sharma,43,Sales,32519.0,2024-04-27,Mumbai,vijay.sharma@example.com
963,Priya Reddy,37,IT,34786.0,2023-03-29,Hyderabad,priya.reddy@example.com
964,Vijay Patel,24,IT,101377.0,2022-12-28,Hyderabad,vijay.patel@example.com
965,Priti Kumar,27,IT,36979.0,2021-11-30,Mumbai,priti.kumar@example.com
966,Priti Kumar,32,Finance,145062.0,2023-10-19,Pune,priti.kumar@example.com
967,Nisha Reddy,47,IT,31902.0,2022-10-21,Hyderabad,nisha.reddy@example.com
968,Sneha Gupta,53,Finance,142832.0,2022-04-18,Pune,sneha.gupta@example.com
969,Manoj Gupta,54,Finance,126269.0,2023-04-17,Pune,manoj.gupta@example.com
970,Deepa Patel,26,IT,101142.0,2024-02-03,Bangalore,deepa.patel@example.com
971,Nisha Patel,25,Sales,53890.0,2021-07-03,Kolkata,nisha.patel@example.com
972,Pooja Gupta,53,IT,32321.0,2024-06-12,Chennai,pooja.gupta@example.com
973,Priti Sharma,26,Operations,143263.0,2022-04-26,Pune,priti.sharma@example.com
974,Kumar Gupta,33,Marketing,144762.0,2024-09-18,Bangalore,kumar.gupta@example.com
975,Pooja Kumar,29,IT,90911.0,2021-06-26,Chennai,pooja.kumar@example.com
976,Meera Kumar,50,Finance,74097.0,2025-01-26,Chennai,meera.kumar@example.com
977,Deepa Sharma,36,IT,78588.0,2023-01-25,Kolkata,deepa.sharma@example.com
978,Ravi Verma,38,Sales,33497.0,2022-09-17,Bangalore,ravi.verma@example.com
979,Arun Patel,47,Sales,68938.0,2023-10-01,Kolkata,arun.patel@example.com
980,Sanjay Gupta,50,HR,27978.0,2021-06-27,Kolkata,sanjay.gupta@example.com
981,Kavita Kumar,24,Sales,141195.0,2024-08-27,Pune,kavita.kumar@example.com
982,Ravi Gupta,39,HR,68305.0,2024-09-27,Delhi,ravi.gupta@example.com
983,Vijay Gupta,49,Sales,108209.0,2024-01-30,Hyderabad,vijay.gupta@example.com
984,Sunita Reddy,36,Finance,126636.0,2022-12-04,Chennai,sunita.reddy@example.com
985,Raj Patel,42,Marketing,76087.0,2024-07-28,Kolkata,raj.patel@example.com
986,Sunita Sharma,45,Operations,90799.0,2024-12-29,Delhi,sunita.sharma@example.com
987,Raj Sharma,28,IT,71117.0,2023-04-11,Kolkata,raj.sharma@example.com
988,Sunita Singh,55,Finance,89898.0,2021-10-12,Hyderabad,sunita.singh@example.com
989,Raj Patel,24,Marketing,132149.0,2025-02-20,Hyderabad,raj.patel@example.com
990,Suresh Verma,36,Finance,27825.0,2024-02-02,Pune,suresh.verma@example.com
991,Kumar Reddy,26,Sales,119979.0,2023-12-15,Bangalore,kumar.reddy@example.com
992,Sneha Reddy,35,Marketing,66794.0,2022-04-11,Kolkata,sneha.reddy@example.com
993,Raj Sharma,33,IT,106854.0,2022-09-28,Chennai,raj.sharma@example.com
994,Arun Gupta,38,Operations,79121.0,2024-09-11,Bangalore,arun.gupta@example.com
995,Priya Kumar,38,Finance,129209.0,2021-08-31,Kolkata,priya.kumar@example.com
996,Deepa Reddy,46,Operations,55386.0,2022-01-31,Delhi,deepa.reddy@example.com
997,Anita Gupta,40,HR,112662.0,2025-02-15,Bangalore,anita.gupta@example.com
998,Priya Sharma,52,Finance,35932.0,2022-07-22,Delhi,priya.sharma@example.com
999,Priti Kumar,26,HR,39869.0,2022-10-04,Bangalore,priti.kumar@example.com
1000,Deepa Gupta,45,Marketing,107912.0,2024-12-16,Bangalore,deepa.gupta@example.com
428,Priya Gupta,24,Operations,93598.0,2024-04-26,Delhi,priya.gupta@example.com
458,Rohan Patel,33,Sales,89126.0,2025-03-05,Mumbai,rohan.patel@example.com
371,Suresh Patel,49,Operations,142014.0,2021-12-23,Chennai,suresh.patel@example.com
461,Raj Patel,55,Sales,117279.0,2022-07-31,Delhi,raj.patel@example.com
152,Sneha Sharma,29,IT,86860.0,2025-03-25,Kolkata,sneha.sharma@example.com
38,Suresh Patel,34,IT,84074.0,2024-08-29,Pune,suresh.patel@example.com
219,Nisha Gupta,46,HR,56879.0,2022-01-01,Pune,nisha.gupta@example.com
462,Kumar Gupta,10,Finance,61834.0,2023-04-24,Hyderabad,kumar.gupta@example.com
832,Neha Gupta,31,Marketing,34385.0,2022-06-19,Pune,neha.gupta@example.com
701,Suresh Gupta,35,Sales,91996.0,2021-10-24,Hyderabad,suresh.gupta@example.com
28,Rohan Sharma,32,Operations,146694.0,2024-09-06,Bangalore,rohan.sharma@example.com
973,Priti Sharma,26,Operations,143263.0,2022-04-26,Pune,priti.sharma@example.com
42,Priti Sharma,42,IT,47315.0,2022-05-01,Hyderabad,priti.sharma@example.com
715,Arun Kumar,24,Sales,142218.0,2024-02-14,Mumbai,arun.kumar@example.com
374,Vikram Sharma,27,Marketing,85762.0,2021-09-14,Kolkata,vikram.sharma@example.com
272,Amit Singh,32,HR,89012.0,2024-06-22,Hyderabad,amit.singh@example.com
257,Sunita Kumar,29,Sales,65381.0,2024-11-13,Delhi,sunita.kumar@example.com
187,Nisha Gupta,34,Operations,59907.0,2023-02-22,Kolkata,nisha.gupta@example.com
584,Vijay Reddy,47,IT,137196.0,2021-09-12,Chennai,vijay.reddy@example.com
95,Nisha Verma,53,Finance,148949.0,2022-08-22,Delhi,nisha.verma@example.com
948,Sneha Verma,55,Marketing,144792.0,2021-06-30,Mumbai,sneha.verma@example.com
933,Sunita Verma,22,Finance,137397.0,2023-01-02,Bangalore,sunita.verma@example.com
506,Sneha Sharma,45,Operations,,2025-03-09,Hyderabad,sneha.sharma@example.com
920,Vikram Reddy,27,Finance,128995.0,2024-02-29,Hyderabad,vikram.reddy@example.com
717,Vikram Reddy,35,Finance,139128.0,2023-03-29,Mumbai,vikram.reddy@example.com
665,Sneha Gupta,26,Finance,124941.0,2023-04-12,Delhi,sneha.gupta@example.com
444,Raj Patel,23,Sales,37337.0,2024-02-10,Mumbai,raj.patel@example.com
922,Sanjay Sharma,49,IT,52110.0,2023-01-13,Mumbai,sanjay.sharma@example.com
421,Rahul Kumar,46,HR,47789.0,2024-11-23,Kolkata,rahul.kumar@example.com
890,Ravi Kumar,47,HR,,2022-07-01,Mumbai,ravi.kumar@example.com
186,Sneha Verma,25,Marketing,92177.0,2023-02-26,Chennai,sneha.verma@example.com
759,Vijay Reddy,27,IT,32820.0,2021-06-25,Bangalore,vijay.reddy@example.com
809,Vikram Gupta,37,Operations,102043.0,2023-09-23,Mumbai,vikram.gupta@example.com
738,Kumar Singh,25,HR,69637.0,2023-02-21,Mumbai,kumar.singh@example.com
531,Rohan Kumar,52,Marketing,137453.0,2022-05-27,Hyderabad,rohan.kumar@example.com
574,Manoj Sharma,24,Operations,127819.0,2024-03-24,Chennai,manoj.sharma@example.com
292,Suresh Singh,32,Marketing,118973.0,2021-09-23,Chennai,suresh.singh@example.com
939,Deepa Verma,34,Operations,131145.0,2024-08-12,Delhi,deepa.verma@example.com
853,Neha Verma,42,Finance,120134.0,2023-12-24,Pune,neha.verma@example.com
889,Priya Patel,40,Finance,118572.0,2022-03-23,Chennai,priya.patel@example.com
714,Amit Verma,35,Marketing,104239.0,2023-08-09,Kolkata,amit.verma@example.com
352,Amit Patel,31,HR,144605.0,2021-09-17,Chennai,amit.patel@example.com
983,Vijay Gupta,49,Sales,108209.0,2024-01-30,Hyderabad,vijay.gupta@example.com
162,Rahul Reddy,41,HR,138557.0,2022-11-17,Bangalore,rahul.reddy@example.com
350,Pooja Singh,42,IT,105836.0,2021-11-29,Kolkata,pooja.singh@example.com
883,Manoj Gupta,23,Sales,38946.0,2023-05-18,Hyderabad,manoj.gupta@example.com
640,Rahul Patel,37,Sales,49885.0,2022-07-29,Delhi,rahul.patel@example.com
236,Vikram Verma,38,Finance,29572.0,2024-05-26,Kolkata,vikram.verma@example.com
976,Meera Kumar,50,Finance,74097.0,2025-01-26,Chennai,meera.kumar@example.com
77,Ravi Verma,37,HR,,2024-08-11,Pune,ravi.verma@example.com
